customer,st,gender,education,customer_lifetime_value,income,monthly_premium_auto,number_of_open_complaints,policy_type,vehicle_class,total_claim_amount
QZ44356,ARIZONA,F,BACHELOR,697953.59,0.0,94.0,1/0/00,PERSONAL AUTO,FOUR-DOOR CAR,1131.464935
AI49188,NEVADA,F,BACHELOR,1288743.17,48767.0,108.0,1/0/00,PERSONAL AUTO,TWO-DOOR CAR,566.472247
WW63253,CALIFORNIA,M,BACHELOR,764586.18,0.0,106.0,1/0/00,CORPORATE AUTO,SUV,529.881344
GA49547,WASHINGTON,M,HIGH SCHOOL OR BELOW,536307.65,36357.0,68.0,1/0/00,PERSONAL AUTO,FOUR-DOOR CAR,17.269323
OC83172,OREGON,F,BACHELOR,825629.78,62902.0,69.0,1/0/00,PERSONAL AUTO,TWO-DOOR CAR,159.383042
XZ87318,OREGON,F,COLLEGE,538089.86,55350.0,67.0,1/0/00,CORPORATE AUTO,FOUR-DOOR CAR,321.6
CF85061,ARIZONA,M,MASTER,721610.03,0.0,101.0,1/0/00,CORPORATE AUTO,FOUR-DOOR CAR,363.02968
DY87989,OREGON,M,BACHELOR,2412750.4,14072.0,71.0,1/0/00,CORPORATE AUTO,FOUR-DOOR CAR,511.2
BQ94931,OREGON,F,COLLEGE,738817.81,28812.0,93.0,1/0/00,SPECIAL AUTO,FOUR-DOOR CAR,425.527834
SX51350,CALIFORNIA,M,COLLEGE,473899.2,0.0,67.0,1/0/00,PERSONAL AUTO,FOUR-DOOR CAR,482.4
QK46697,WASHINGTON,M,BACHELORS,617710.93,61040.0,79.0,1/1/00,PERSONAL AUTO,TWO-DOOR CAR,20.382876
HS14476,WASHINGTON,M,COLLEGE,916206.32,29723.0,80.0,1/0/00,PERSONAL AUTO,FOUR-DOOR CAR,20.985105
HD95276,WASHINGTON,F,COLLEGE,473787.17,0.0,130.0,1/0/00,PERSONAL AUTO,SUV,23.820158
YD87931,WASHINGTON,M,DOCTOR,495165.61,46896.0,35354.0,1/1/00,PERSONAL AUTO,FOUR-DOOR CAR,31.707317
NW21079,WASHINGTON,F,MASTER,487938.48,67163.0,61.0,1/2/00,PERSONAL AUTO,TWO-DOOR CAR,33.192803
YB66933,WASHINGTON,F,BACHELOR,538275.2,77552.0,68.0,1/1/00,CORPORATE AUTO,FOUR-DOOR CAR,45.215059
OW15518,WASHINGTON,F,COLLEGE,1595001.95,0.0,87.0,1/1/00,PERSONAL AUTO,TWO-DOOR CAR,46.041452
GP39118,WASHINGTON,M,HIGH SCHOOL OR BELOW,499655.27,71600.0,63.0,1/0/00,PERSONAL AUTO,TWO-DOOR CAR,46.158117
SG20925,WASHINGTON,F,MASTER,518579.76,99428.0,6464.0,1/1/00,PERSONAL AUTO,FOUR-DOOR CAR,48.046869
FM14335,WASHINGTON,F,COLLEGE,1048491.54,61108.0,89.0,1/0/00,PERSONAL AUTO,FOUR-DOOR CAR,49.451117
HS28694,WASHINGTON,F,HIGH SCHOOL OR BELOW,282986.39,25317.0,71.0,1/0/00,PERSONAL AUTO,TWO-DOOR CAR,50.422181
LH92841,WASHINGTON,F,BACHELORS,725595.38,88891.0,89.0,1/0/00,PERSONAL AUTO,FOUR-DOOR CAR,50.528355
AZ95587,AZ,F,BACHELOR,1038855.32,61222.0,89.0,1/0/00,SPECIAL AUTO,FOUR-DOOR CAR,392.604371
DS81757,OREGON,M,COLLEGE,247012.12,0.0,74.0,1/0/00,PERSONAL AUTO,TWO-DOOR CAR,721.242206
OJ94107,AZ,M,MASTER,561906.85,50335.0,140.0,1/0/00,PERSONAL AUTO,SUV,456.52385
LP84436,CALIFORNIA,F,HIGH SCHOOL OR BELOW,904711.92,0.0,127.0,1/0/00,PERSONAL AUTO,SPORTS CAR,1087.995426
FF22360,WASHINGTON,F,DOCTOR,268731.41,82210.0,68.0,1/4/00,PERSONAL AUTO,FOUR-DOOR CAR,51.961915
LM19287,OREGON,F,HIGH SCHOOL OR BELOW,373150.46,0.0,96.0,1/0/00,PERSONAL AUTO,FOUR-DOOR CAR,460.8
ZU18643,NEVADA,M,BACHELOR,366077.03,64495.0,92.0,1/0/00,CORPORATE AUTO,FOUR-DOOR CAR,251.992083
AZ82578,CALIFORNIA,F,COLLEGE,792882.93,0.0,72.0,1/0/00,CORPORATE AUTO,FOUR-DOOR CAR,345.6
XC67861,ARIZONA,F,BACHELOR,501175.16,28859.0,67.0,1/3/00,CORPORATE AUTO,TWO-DOOR CAR,321.6
YC43143,ARIZONA,F,HIGH SCHOOL OR BELOW,798825.83,77330.0,99.0,1/0/00,PERSONAL AUTO,FOUR-DOOR CAR,99.257608
EK59571,OREGON,M,COLLEGE,388545.64,0.0,105.0,1/0/00,CORPORATE AUTO,FOUR-DOOR CAR,504.0
PA38372,WASHINGTON,F,HIGH SCHOOL OR BELOW,935773.78,33060.0,117.0,1/0/00,PERSONAL AUTO,FOUR-DOOR CAR,56.731578
RO18530,WASHINGTON,M,MASTER,254068.98,42557.0,65.0,1/0/00,PERSONAL AUTO,FOUR-DOOR CAR,57.562324
PD27940,ARIZONA,M,HIGH SCHOOL OR BELOW,488516.25,26372.0,126.0,1/0/00,PERSONAL AUTO,SUV,604.8
BS77946,ARIZONA,F,BACHELOR,975330.71,17514.0,127.0,1/0/00,PERSONAL AUTO,SUV,8.312729
YM50253,CALIFORNIA,FEMAL,BACHELOR,294615.37,89270.0,74.0,1/0/00,PERSONAL AUTO,FOUR-DOOR CAR,316.599228
NR15332,CALIFORNIA,M,HIGH SCHOOL OR BELOW,258111.09,29757.0,65.0,1/0/00,PERSONAL AUTO,FOUR-DOOR CAR,312.0
RC62865,OREGON,M,COLLEGE,351738.58,51814.0,92.0,1/0/00,PERSONAL AUTO,FOUR-DOOR CAR,56.300724
CC15295,OREGON,F,BACHELOR,974335.01,24028.0,82.0,1/0/00,PERSONAL AUTO,FOUR-DOOR CAR,393.6
KA61892,ARIZONA,M,COLLEGE,387364.7,28142.0,105.0,1/0/00,PERSONAL AUTO,SPORTS CAR,701.708239
OS94884,ARIZONA,F,BACHELOR,764928.2,52705.0,64.0,1/1/00,PERSONAL AUTO,TWO-DOOR CAR,128.705563
ND87334,CALIFORNIA,M,HIGH SCHOOL OR BELOW,228759.69,0.0,63.0,1/0/00,CORPORATE AUTO,TWO-DOOR CAR,679.368378
OY51402,WASHINGTON,F,HIGH SCHOOL OR BELOW,825576.39,54040.0,103.0,1/0/00,PERSONAL AUTO,SUV,59.987126
YL74911,CALIFORNIA,F,COLLEGE,871492.21,0.0,118.0,1/0/00,PERSONAL AUTO,SUV,566.4
GK92563,WASHINGTON,F,DOCTOR,681923.12,22492.0,85.0,1/0/00,PERSONAL AUTO,TWO-DOOR CAR,61.654262
HL53154,CALIFORNIA,M,BACHELOR,741619.73,0.0,77.0,1/2/00,PERSONAL AUTO,FOUR-DOOR CAR,554.4
RI78966,OREGON,M,MASTER,777115.9,21876.0,68.0,1/0/00,PERSONAL AUTO,FOUR-DOOR CAR,465.41477
IC13702,CALIFORNIA,F,BACHELOR,696834.19,0.0,69.0,1/1/00,PERSONAL AUTO,FOUR-DOOR CAR,496.8
BE10809,CALIFORNIA,F,HIGH SCHOOL OR BELOW,425028.26,0.0,61.0,1/1/00,PERSONAL AUTO,FOUR-DOOR CAR,292.8
HT87217,OREGON,F,HIGH SCHOOL OR BELOW,1977656.65,70699.0,82.0,1/0/00,PERSONAL AUTO,FOUR-DOOR CAR,256.813837
TH95618,CALIFORNIA,F,HIGH SCHOOL OR BELOW,2134346.6,0.0,74.0,1/1/00,PERSONAL AUTO,FOUR-DOOR CAR,355.2
TS19868,CALIFORNIA,M,COLLEGE,241313.97,27501.0,63.0,1/0/00,PERSONAL AUTO,FOUR-DOOR CAR,542.319401
LP45550,OREGON,F,DOCTOR,1536384.72,15897.0,101.0,1/0/00,PERSONAL AUTO,FOUR-DOOR CAR,303.148399
QR87004,NEVADA,F,COLLEGE,845696.19,25141.0,73.0,1/1/00,PERSONAL AUTO,FOUR-DOOR CAR,25.438063
OE75747,NEVADA,F,COLLEGE,218964.25,0.0,61.0,1/3/00,PERSONAL AUTO,FOUR-DOOR CAR,292.8
DX91392,CALIFORNIA,M,HIGH SCHOOL OR BELOW,578018.22,51066.0,74.0,1/0/00,PERSONAL AUTO,FOUR-DOOR CAR,787.993313
AB72731,CALIFORNIA,F,BACHELOR,463998.16,28358.0,117.0,1/0/00,PERSONAL AUTO,SPORTS CAR,84.024413
GX84338,WASHINGTON,F,DOCTOR,382443.13,62530.0,95.0,1/0/00,PERSONAL AUTO,FOUR-DOOR CAR,61.693771
IS12901,ARIZONA,F,BACHELOR,596811.89,90972.0,74.0,1/0/00,PERSONAL AUTO,TWO-DOOR CAR,232.926145
BN90616,WASHINGTON,F,BACHELOR,859033.5,63110.0,72.0,1/0/00,PERSONAL AUTO,FOUR-DOOR CAR,68.179721
HH90090,CALIFORNIA,F,BACHELOR,407663.47,29549.0,104.0,1/0/00,PERSONAL AUTO,SPORTS CAR,710.433775
IU25463,CALIFORNIA,F,BACHELOR,1225260.18,0.0,115.0,1/1/00,PERSONAL AUTO,FOUR-DOOR CAR,552.0
KC11055,NEVADA,F,BACHELOR,1693627.15,39411.0,217.0,1/2/00,PERSONAL AUTO,LUXURY CAR,1122.658899
PD33979,OREGON,M,HIGH SCHOOL OR BELOW,489243.55,21709.0,62.0,1/0/00,PERSONAL AUTO,FOUR-DOOR CAR,408.374746
NK71023,NEVADA,M,BACHELOR,994230.48,67890.0,85.0,1/0/00,PERSONAL AUTO,FOUR-DOOR CAR,408.0
AB13432,CALIFORNIA,M,BACHELOR,373583.81,0.0,110.0,1/0/00,PERSONAL AUTO,SUV,792.0
OZ97704,CALIFORNIA,F,HIGH SCHOOL OR BELOW,1311752.22,84311.0,111.0,1/4/00,PERSONAL AUTO,SUV,532.8
UF46533,CALIFORNIA,F,COLLEGE,457452.41,99316.0,114.0,1/0/00,CORPORATE AUTO,SUV,754.358929
XP47431,ARIZONA,F,BACHELOR,547006.06,54507.0,138.0,1/0/00,PERSONAL AUTO,SUV,702.990032
GK73582,CALIFORNIA,F,BACHELOR,297884.6,64586.0,76.0,1/0/00,PERSONAL AUTO,FOUR-DOOR CAR,206.837111
RV98763,OREGON,M,COLLEGE,641096.75,61709.0,82.0,1/2/00,PERSONAL AUTO,FOUR-DOOR CAR,275.395894
II62831,CALIFORNIA,M,MASTER,447902.31,94656.0,111.0,1/1/00,SPECIAL AUTO,SUV,459.738128
XK33449,CALIFORNIA,F,HIGH SCHOOL OR BELOW,238373.19,0.0,69.0,1/0/00,SPECIAL AUTO,TWO-DOOR CAR,496.8
TR85083,CALIFORNIA,M,BACHELOR,276449.37,61085.0,70.0,1/1/00,PERSONAL AUTO,TWO-DOOR CAR,336.0
EO95328,OREGON,F,BACHELOR,792010.54,89284.0,67.0,1/3/00,PERSONAL AUTO,TWO-DOOR CAR,321.6
EN21086,ARIZONA,F,HIGH SCHOOL OR BELOW,688909.8,0.0,63.0,1/0/00,PERSONAL AUTO,FOUR-DOOR CAR,302.4
YL83902,WA,F,BACHELOR,327419.46,31686.0,81.0,1/0/00,PERSONAL AUTO,FOUR-DOOR CAR,430.994107
AZ62651,OREGON,M,HIGH SCHOOL OR BELOW,995170.77,56855.0,255.0,1/0/00,CORPORATE AUTO,LUXURY SUV,1836.0
ZW25874,OREGON,M,BACHELOR,252155.57,53703.0,67.0,1/2/00,SPECIAL AUTO,FOUR-DOOR CAR,67.632476
EH41854,WA,F,HIGH SCHOOL OR BELOW,2370611.34,0.0,96.0,1/1/00,PERSONAL AUTO,TWO-DOOR CAR,844.481918
MW70227,CALIFORNIA,M,COLLEGE,604702.52,20396.0,76.0,1/1/00,PERSONAL AUTO,FOUR-DOOR CAR,364.8
SL22297,CALIFORNIA,F,MASTER,1114030.25,27679.0,150.0,1/0/00,PERSONAL AUTO,SUV,722.486994
RV14138,NEVADA,F,BACHELOR,433406.41,23904.0,123.0,1/3/00,PERSONAL AUTO,SUV,590.4
UO62808,ARIZONA,F,HIGH SCHOOL OR BELOW,279974.79,65351.0,69.0,1/0/00,CORPORATE AUTO,FOUR-DOOR CAR,481.027516
ZX64745,CALIFORNIA,M,COLLEGE,792313.66,0.0,113.0,1/0/00,PERSONAL AUTO,SUV,1124.427734
FL34139,CALIFORNIA,M,HIGH SCHOOL OR BELOW,368811.09,0.0,63.0,1/3/00,PERSONAL AUTO,FOUR-DOOR CAR,669.682001
TS11219,CALIFORNIA,M,COLLEGE,1206745.6,0.0,116.0,1/0/00,PERSONAL AUTO,SUV,1284.093173
XX12304,CALIFORNIA,F,COLLEGE,292497.67,64459.0,72.0,1/0/00,PERSONAL AUTO,FOUR-DOOR CAR,240.259479
SD64087,CALIFORNIA,M,COLLEGE,1501409.27,32961.0,190.0,1/0/00,CORPORATE AUTO,SUV,912.0
OY38576,OREGON,F,HIGH SCHOOL OR BELOW,927723.38,71416.0,116.0,1/0/00,CORPORATE AUTO,SUV,556.8
BG76355,WA,F,BACHELOR,627412.39,68964.0,78.0,1/0/00,PERSONAL AUTO,FOUR-DOOR CAR,115.086827
IP66913,CALI,M,HIGH SCHOOL OR BELOW,388664.74,78108.0,98.0,1/0/00,PERSONAL AUTO,TWO-DOOR CAR,470.4
LE95702,CALI,M,COLLEGE,438627.76,10621.0,67.0,1/0/00,SPECIAL AUTO,FOUR-DOOR CAR,321.6
KX54357,WA,M,COLLEGE,1136526.77,84910.0,95.0,1/0/00,CORPORATE AUTO,TWO-DOOR CAR,383.167471
EZ78112,CALI,FEMAL,HIGH SCHOOL OR BELOW,561096.43,77493.0,70.0,1/0/00,SPECIAL AUTO,FOUR-DOOR CAR,307.963291
XN16891,ARIZONA,M,COLLEGE,291289.2,81097.0,74.0,1/0/00,PERSONAL AUTO,FOUR-DOOR CAR,355.2
XK31350,OREGON,FEMAL,COLLEGE,691572.99,96610.0,85.0,1/0/00,CORPORATE AUTO,FOUR-DOOR CAR,520.364752
CC30924,OREGON,M,COLLEGE,626266.33,30110.0,159.0,1/0/00,CORPORATE AUTO,SPORTS CAR,466.436375
IT78748,OREGON,FEMAL,HIGH SCHOOL OR BELOW,650339.7,22081.0,84.0,1/0/00,SPECIAL AUTO,TWO-DOOR CAR,451.670309
KY33386,WA,FEMAL,HIGH SCHOOL OR BELOW,800739.94,0.0,112.0,1/0/00,PERSONAL AUTO,SPORTS CAR,537.6
CO44221,CALI,M,COLLEGE,292991.65,98473.0,72.0,1/0/00,PERSONAL AUTO,FOUR-DOOR CAR,345.6
LK60013,OREGON,FEMAL,BACHELOR,596955.3,97431.0,74.0,1/0/00,PERSONAL AUTO,FOUR-DOOR CAR,355.2
DE21533,CALI,M,BACHELOR,547315.99,93870.0,69.0,1/0/00,PERSONAL AUTO,FOUR-DOOR CAR,331.2
YS94121,NEVADA,M,HIGH SCHOOL OR BELOW,564539.67,50366.0,72.0,1/0/00,PERSONAL AUTO,FOUR-DOOR CAR,428.734656
UK68427,WA,M,HIGH SCHOOL OR BELOW,636926.24,34498.0,83.0,1/0/00,PERSONAL AUTO,TWO-DOOR CAR,398.4
TE49565,OREGON,FEMAL,COLLEGE,1183376.73,16552.0,103.0,1/0/00,PERSONAL AUTO,SUV,494.4
RA88421,OREGON,FEMAL,COLLEGE,612110.79,26787.0,77.0,1/0/00,PERSONAL AUTO,FOUR-DOOR CAR,369.6
KQ51983,NEVADA,M,COLLEGE,515936.97,0.0,74.0,1/0/00,PERSONAL AUTO,TWO-DOOR CAR,831.752839
CD88896,NEVADA,FEMAL,HIGH SCHOOL OR BELOW,251459.2,43860.0,65.0,1/0/00,CORPORATE AUTO,FOUR-DOOR CAR,156.124914
YV22553,ARIZONA,M,HIGH SCHOOL OR BELOW,866861.13,21474.0,114.0,1/2/00,CORPORATE AUTO,SUV,373.428187
WU14435,CALI,M,BACHELOR,496096.54,18174.0,66.0,1/0/00,CORPORATE AUTO,FOUR-DOOR CAR,395.934815
XV84099,ARIZONA,FEMAL,BACHELOR,550413.9,0.0,73.0,1/0/00,CORPORATE AUTO,FOUR-DOOR CAR,350.4
RI24911,ARIZONA,MALE,COLLEGE,750745.54,60920.0,64.0,1/0/00,PERSONAL AUTO,TWO-DOOR CAR,231.201886
KO26461,ARIZONA,MALE,HIGH SCHOOL OR BELOW,3226985.14,41520.0,90.0,1/0/00,PERSONAL AUTO,FOUR-DOOR CAR,289.904105
HI14283,OREGON,FEMAL,BACHELOR,565703.16,0.0,152.0,1/0/00,PERSONAL AUTO,SUV,729.6
PT50227,ARIZONA,MALE,HIGH SCHOOL OR BELOW,506175.79,0.0,68.0,1/0/00,PERSONAL AUTO,TWO-DOOR CAR,326.4
BH36570,CALI,MALE,BACHELOR,591278.38,72208.0,73.0,1/0/00,PERSONAL AUTO,TWO-DOOR CAR,350.4
TX17484,CALI,FEMAL,BACHELOR,1518227.98,53863.0,63.0,1/0/00,PERSONAL AUTO,FOUR-DOOR CAR,105.765111
CT41158,WA,MALE,COLLEGE,1074703.09,66446.0,136.0,1/0/00,CORPORATE AUTO,SUV,639.464548
AO87348,WA,MALE,COLLEGE,205062.35,0.0,61.0,1/0/00,PERSONAL AUTO,FOUR-DOOR CAR,292.8
DE55857,WA,FEMAL,BACHELOR,246544.49,64997.0,63.0,1/1/00,PERSONAL AUTO,FOUR-DOOR CAR,383.442328
LF66923,NEVADA,FEMAL,HIGH SCHOOL OR BELOW,534312.13,64460.0,66.0,1/0/00,CORPORATE AUTO,TWO-DOOR CAR,316.8
CN24514,ARIZONA,FEMAL,COLLEGE,811982.91,46618.0,67.0,1/0/00,PERSONAL AUTO,FOUR-DOOR CAR,99.085943
UW32074,OREGON,FEMAL,COLLEGE,460526.52,0.0,64.0,1/0/00,CORPORATE AUTO,FOUR-DOOR CAR,307.2
HP36979,CALI,MALE,COLLEGE,640878.56,49988.0,84.0,1/5/00,PERSONAL AUTO,TWO-DOOR CAR,566.935022
PP40919,CALI,FEMAL,COLLEGE,237653.35,0.0,91.0,1/5/00,PERSONAL AUTO,TWO-DOOR CAR,436.8
RO73268,CALI,M,BACHELOR,321107.0,16269.0,86.0,1/0/00,CORPORATE AUTO,TWO-DOOR CAR,412.8
HO61691,ARIZONA,F,BACHELOR,509452.23,72006.0,64.0,1/0/00,PERSONAL AUTO,FOUR-DOOR CAR,307.2
BS13062,ARIZONA,F,HIGH SCHOOL OR BELOW,2575527.82,0.0,81.0,1/2/00,PERSONAL AUTO,FOUR-DOOR CAR,388.8
FO35655,OREGON,M,BACHELOR,867222.97,0.0,245.0,1/0/00,CORPORATE AUTO,LUXURY SUV,2345.413441
HR10526,CALI,M,MASTER,804473.07,44320.0,67.0,1/0/00,PERSONAL AUTO,FOUR-DOOR CAR,321.6
IA63417,ARIZONA,F,HIGH SCHOOL OR BELOW,400151.91,19782.0,108.0,1/0/00,PERSONAL AUTO,TWO-DOOR CAR,773.470977
BH35016,NEVADA,F,BACHELOR,1670611.7,63933.0,70.0,1/0/00,PERSONAL AUTO,TWO-DOOR CAR,424.883448
PK52952,ARIZONA,M,DOCTOR,854441.11,28224.0,109.0,1/0/00,PERSONAL AUTO,SUV,523.2
OD76309,WA,F,COLLEGE,780531.29,21073.0,106.0,1/1/00,PERSONAL AUTO,SUV,508.8
IL28481,OREGON,M,BACHELOR,611275.69,63243.0,77.0,1/0/00,PERSONAL AUTO,FOUR-DOOR CAR,364.240307
GY55092,NEVADA,M,HIGH SCHOOL OR BELOW,477294.38,20993.0,133.0,1/0/00,PERSONAL AUTO,SUV,638.4
UF33451,OREGON,F,BACHELOR,1097909.56,94827.0,135.0,1/0/00,PERSONAL AUTO,SUV,354.729129
CF15558,CALI,F,MASTER,500426.38,39161.0,63.0,1/1/00,PERSONAL AUTO,TWO-DOOR CAR,283.995953
JM62924,WA,M,BACHELOR,1322304.38,37534.0,84.0,1/2/00,PERSONAL AUTO,FOUR-DOOR CAR,403.2
EM66435,OREGON,F,BACHELOR,262331.54,80210.0,65.0,1/0/00,CORPORATE AUTO,FOUR-DOOR CAR,20.543176
QX45933,CALI,M,BACHELOR,1784019.56,0.0,62.0,1/0/00,PERSONAL AUTO,FOUR-DOOR CAR,385.115437
JI71369,CALI,F,COLLEGE,510611.18,30110.0,64.0,1/0/00,PERSONAL AUTO,FOUR-DOOR CAR,140.165035
JU93290,ARIZONA,F,COLLEGE,1793060.45,21708.0,68.0,1/0/00,PERSONAL AUTO,FOUR-DOOR CAR,326.4
GU66096,ARIZONA,M,HIGH SCHOOL OR BELOW,545734.26,94731.0,67.0,1/0/00,PERSONAL AUTO,FOUR-DOOR CAR,321.6
UC33108,CALI,M,BACHELOR,656364.41,32375.0,83.0,1/0/00,PERSONAL AUTO,FOUR-DOOR CAR,398.4
LW93867,OREGON,M,COLLEGE,481252.52,16531.0,63.0,1/0/00,CORPORATE AUTO,FOUR-DOOR CAR,102.879769
OU78470,ARIZONA,F,MASTER,2932804.19,32006.0,94.0,1/0/00,CORPORATE AUTO,FOUR-DOOR CAR,56.868289
XW90265,ARIZONA,F,BACHELOR,577352.07,81676.0,72.0,1/0/00,PERSONAL AUTO,TWO-DOOR CAR,463.158502
HS67749,CALI,M,COLLEGE,684711.89,71038.0,86.0,1/0/00,CORPORATE AUTO,FOUR-DOOR CAR,205.444066
VZ51506,ARIZONA,F,HIGH SCHOOL OR BELOW,359531.29,0.0,103.0,1/0/00,CORPORATE AUTO,SPORTS CAR,741.6
UI64281,NEVADA,F,MASTER,2285561.21,20832.0,65.0,1/0/00,PERSONAL AUTO,TWO-DOOR CAR,56.371967
AE98193,WA,M,HIGH SCHOOL OR BELOW,785941.46,0.0,113.0,1/0/00,PERSONAL AUTO,SUV,813.6
AZ74055,OREGON,M,HIGH SCHOOL OR BELOW,411557.74,52405.0,103.0,1/0/00,PERSONAL AUTO,FOUR-DOOR CAR,494.4
XS76911,ARIZONA,F,HIGH SCHOOL OR BELOW,502963.88,0.0,133.0,1/0/00,PERSONAL AUTO,SPORTS CAR,795.864079
AY40674,WA,F,BACHELOR,482141.85,26583.0,1005.0,1/4/00,PERSONAL AUTO,SUV,614.4
NA12740,OREGON,M,MASTER,500431.05,25486.0,65.0,1/0/00,SPECIAL AUTO,TWO-DOOR CAR,72.438681
UA84837,ARIZONA,M,COLLEGE,863005.39,24065.0,111.0,1/0/00,CORPORATE AUTO,FOUR-DOOR CAR,532.8
DJ51510,ARIZONA,F,HIGH SCHOOL OR BELOW,932208.51,70435.0,116.0,1/0/00,PERSONAL AUTO,FOUR-DOOR CAR,67.881546
VM58985,CALI,M,COLLEGE,1672756.06,0.0,76.0,1/2/00,PERSONAL AUTO,TWO-DOOR CAR,402.636829
OH60605,OREGON,F,HIGH SCHOOL OR BELOW,365253.24,39679.0,92.0,1/0/00,PERSONAL AUTO,TWO-DOOR CAR,641.388616
UO98052,NEVADA,M,COLLEGE,615860.12,0.0,89.0,1/0/00,PERSONAL AUTO,FOUR-DOOR CAR,342.481173
NC53424,CALI,M,BACHELOR,437608.4,0.0,69.0,1/4/00,PERSONAL AUTO,TWO-DOOR CAR,331.2
LQ13873,NEVADA,M,HIGH SCHOOL OR BELOW,556945.62,53565.0,71.0,1/1/00,PERSONAL AUTO,FOUR-DOOR CAR,340.8
LA97014,WA,M,BACHELOR,257651.3,37574.0,66.0,1/1/00,PERSONAL AUTO,TWO-DOOR CAR,412.101933
NB79936,WA,M,BACHELOR,834698.32,48259.0,108.0,1/0/00,PERSONAL AUTO,TWO-DOOR CAR,73.700573
NT89061,ARIZONA,F,HIGH SCHOOL OR BELOW,632392.39,78532.0,78.0,1/0/00,PERSONAL AUTO,FOUR-DOOR CAR,374.4
AF10970,ARIZONA,F,BACHELOR,597314.34,96163.0,73.0,1/0/00,CORPORATE AUTO,FOUR-DOOR CAR,350.4
ZG48513,CALI,M,BACHELOR,470667.7,0.0,72.0,1/0/00,PERSONAL AUTO,FOUR-DOOR CAR,345.6
JQ59145,CALI,MALE,HIGH SCHOOL OR BELOW,809341.03,0.0,114.0,1/1/00,PERSONAL AUTO,SPORTS CAR,722.024742
FE84989,WA,MALE,COLLEGE,503574.46,72672.0,63.0,1/0/00,PERSONAL AUTO,FOUR-DOOR CAR,259.361117
JT52858,OREGON,F,BACHELOR,902786.72,99002.0,112.0,1/1/00,PERSONAL AUTO,FOUR-DOOR CAR,537.6
MC62068,CALIFORNIA,MALE,HIGH SCHOOL OR BELOW,728888.48,79494.0,91.0,1/0/00,PERSONAL AUTO,FOUR-DOOR CAR,396.295614
EU27538,OREGON,MALE,MASTER,1804247.94,35704.0,225.0,1/0/00,PERSONAL AUTO,LUXURY CAR,358.281562
RH42306,ARIZONA,F,BACHELOR,499206.3,0.0,71.0,1/0/00,CORPORATE AUTO,FOUR-DOOR CAR,653.388564
US23612,OREGON,F,HIGH SCHOOL OR BELOW,910226.78,26049.0,118.0,1/0/00,PERSONAL AUTO,TWO-DOOR CAR,121.032372
WV76014,ARIZONA,MALE,DOCTOR,254040.77,70125.0,64.0,1/0/00,SPECIAL AUTO,FOUR-DOOR CAR,92.813396
RK96223,CALIFORNIA,MALE,COLLEGE,1294189.19,52369.0,110.0,1/1/00,PERSONAL AUTO,SUV,528.0
MF82000,WA,FEMALE,BACHELOR,236534.86,0.0,66.0,1/2/00,SPECIAL AUTO,FOUR-DOOR CAR,159.636956
FM46980,ARIZONA,MALE,COLLEGE,572076.51,41770.0,72.0,1/0/00,PERSONAL AUTO,FOUR-DOOR CAR,476.156957
SY56792,OREGON,MALE,HIGH SCHOOL OR BELOW,703553.41,0.0,101.0,1/0/00,CORPORATE AUTO,FOUR-DOOR CAR,727.2
RF61565,CALIFORNIA,M,COLLEGE,263697.77,31911.0,67.0,1/0/00,PERSONAL AUTO,FOUR-DOOR CAR,321.6
IM94808,NEVADA,M,BACHELOR,539583.2,70051.0,68.0,1/0/00,CORPORATE AUTO,FOUR-DOOR CAR,42.078345
VI14730,OREGON,M,HIGH SCHOOL OR BELOW,838263.01,19683.0,117.0,1/1/00,PERSONAL AUTO,SPORTS CAR,561.6
YR34119,WA,F,COLLEGE,3116174.52,30916.0,112.0,1/0/00,PERSONAL AUTO,SUV,200.11606
RR77985,OREGON,F,BACHELOR,288774.23,0.0,80.0,1/0/00,PERSONAL AUTO,FOUR-DOOR CAR,676.944023
QD28391,WASHINGTON,M,COLLEGE,742584.53,84302.0,62.0,1/0/00,PERSONAL AUTO,FOUR-DOOR CAR,76.609295
WV17090,CALIFORNIA,M,BACHELOR,2558572.78,0.0,116.0,1/0/00,CORPORATE AUTO,SUV,830.623064
TM23514,OREGON,M,COLLEGE,1027260.82,60145.0,132.0,1/0/00,PERSONAL AUTO,SUV,580.473259
MQ68407,OREGON,F,BACHELOR,437636.36,63774.0,111.0,1/0/00,PERSONAL AUTO,FOUR-DOOR CAR,60.036683
GJ59592,CALIFORNIA,F,BACHELOR,531889.66,25134.0,67.0,1/0/00,CORPORATE AUTO,FOUR-DOOR CAR,321.6
FY56083,OREGON,M,BACHELOR,471976.22,37057.0,61.0,1/1/00,PERSONAL AUTO,FOUR-DOOR CAR,47.53101
UA94723,OREGON,F,HIGH SCHOOL OR BELOW,442803.16,58577.0,110.0,1/0/00,PERSONAL AUTO,SUV,303.872752
FW91032,CALIFORNIA,M,HIGH SCHOOL OR BELOW,587917.61,85857.0,73.0,1/0/00,CORPORATE AUTO,FOUR-DOOR CAR,100.620067
DE34457,OREGON,F,DOCTOR,941690.85,70602.0,116.0,1/0/00,PERSONAL AUTO,SUV,481.339891
HD32044,OREGON,F,MASTER,828815.56,33816.0,106.0,1/2/00,CORPORATE AUTO,FOUR-DOOR CAR,508.8
HH30454,OREGON,M,BACHELOR,3265483.83,0.0,153.0,1/0/00,PERSONAL AUTO,SUV,1101.6
AH84063,OREGON,F,COLLEGE,471945.01,89642.0,121.0,1/4/00,CORPORATE AUTO,SUV,86.320022
QA17596,CALIFORNIA,F,BACHELOR,390347.48,60068.0,98.0,1/0/00,PERSONAL AUTO,TWO-DOOR CAR,470.4
XI41052,CALIFORNIA,F,BACHELOR,545725.97,50044.0,139.0,1/0/00,PERSONAL AUTO,SUV,667.2
DI30528,CALIFORNIA,F,MASTER,272535.64,36650.0,69.0,1/1/00,PERSONAL AUTO,FOUR-DOOR CAR,56.60333
SC66359,ARIZONA,F,COLLEGE,443397.37,50653.0,110.0,1/0/00,CORPORATE AUTO,SUV,262.865172
EN61670,ARIZONA,F,DOCTOR,533246.27,68931.0,66.0,1/0/00,PERSONAL AUTO,FOUR-DOOR CAR,309.577946
DQ10761,OREGON,M,BACHELOR,231509.5,0.0,73.0,1/1/00,CORPORATE AUTO,FOUR-DOOR CAR,350.4
BQ51587,CALIFORNIA,F,COLLEGE,541195.37,0.0,73.0,1/0/00,PERSONAL AUTO,FOUR-DOOR CAR,365.364581
JE21522,CALIFORNIA,M,BACHELOR,958733.23,39266.0,80.0,1/0/00,PERSONAL AUTO,FOUR-DOOR CAR,384.0
WS47147,CALIFORNIA,M,COLLEGE,2210350.72,0.0,102.0,1/0/00,PERSONAL AUTO,SUV,489.6
ZA64638,NEVADA,F,HIGH SCHOOL OR BELOW,976494.53,0.0,98.0,1/1/00,PERSONAL AUTO,FOUR-DOOR CAR,705.6
EW38459,NEVADA,F,BACHELOR,256715.15,40864.0,65.0,1/0/00,CORPORATE AUTO,FOUR-DOOR CAR,9.51528
QW87316,OREGON,F,COLLEGE,265062.28,39035.0,68.0,1/0/00,PERSONAL AUTO,FOUR-DOOR CAR,244.564334
IC43478,CALIFORNIA,M,BACHELOR,1126436.33,34923.0,98.0,1/0/00,PERSONAL AUTO,TWO-DOOR CAR,639.105556
TE34064,CALIFORNIA,M,HIGH SCHOOL OR BELOW,216852.35,0.0,63.0,1/0/00,PERSONAL AUTO,FOUR-DOOR CAR,453.6
WU60905,CALIFORNIA,F,HIGH SCHOOL OR BELOW,861066.75,0.0,111.0,1/0/00,CORPORATE AUTO,SUV,532.8
YM18992,CALIFORNIA,F,COLLEGE,283464.62,24506.0,71.0,1/0/00,PERSONAL AUTO,TWO-DOOR CAR,511.2
PD55753,OREGON,M,HIGH SCHOOL OR BELOW,893013.97,0.0,82.0,1/0/00,PERSONAL AUTO,FOUR-DOOR CAR,554.522969
KU56006,ARIZONA,F,COLLEGE,553638.7,52220.0,70.0,1/1/00,PERSONAL AUTO,FOUR-DOOR CAR,336.0
MJ69973,ARIZONA,M,HIGH SCHOOL OR BELOW,284085.43,0.0,74.0,1/0/00,PERSONAL AUTO,TWO-DOOR CAR,402.449823
TW43626,CALIFORNIA,M,COLLEGE,808288.1,53554.0,67.0,1/0/00,PERSONAL AUTO,FOUR-DOOR CAR,327.020539
XX84133,CALIFORNIA,M,BACHELOR,525473.43,34476.0,67.0,1/1/00,CORPORATE AUTO,FOUR-DOOR CAR,5.3953
ZW84453,ARIZONA,F,BACHELOR,511623.76,0.0,70.0,1/0/00,PERSONAL AUTO,FOUR-DOOR CAR,131.401291
HO29524,CALIFORNIA,M,COLLEGE,303464.7,68205.0,76.0,1/0/00,PERSONAL AUTO,TWO-DOOR CAR,99.382943
VE89726,CALIFORNIA,FEMALE,HIGH SCHOOL OR BELOW,802489.99,0.0,119.0,1/1/00,PERSONAL AUTO,SUV,856.8
GE87503,CALIFORNIA,M,HIGH SCHOOL OR BELOW,1821114.32,53690.0,154.0,1/0/00,PERSONAL AUTO,SUV,739.2
PX90263,OREGON,M,HIGH SCHOOL OR BELOW,512156.33,0.0,72.0,1/0/00,PERSONAL AUTO,FOUR-DOOR CAR,518.4
NI17718,CALIFORNIA,FEMALE,HIGH SCHOOL OR BELOW,215017.86,0.0,61.0,1/0/00,PERSONAL AUTO,FOUR-DOOR CAR,292.8
FY32213,CALIFORNIA,FEMALE,HIGH SCHOOL OR BELOW,559538.99,74454.0,71.0,1/0/00,PERSONAL AUTO,FOUR-DOOR CAR,340.8
RZ13254,NEVADA,FEMALE,BACHELOR,756282.4,0.0,73.0,1/0/00,PERSONAL AUTO,FOUR-DOOR CAR,350.4
GN45013,OREGON,M,HIGH SCHOOL OR BELOW,538585.32,29664.0,71.0,1/0/00,PERSONAL AUTO,FOUR-DOOR CAR,340.8
NM39588,WASHINGTON,F,DOCTOR,267805.83,72450.0,66.0,1/0/00,CORPORATE AUTO,FOUR-DOOR CAR,84.218363
KU84464,NEVADA,FEMALE,BACHELOR,942256.79,47272.0,79.0,1/3/00,PERSONAL AUTO,FOUR-DOOR CAR,64.546877
YH43527,OREGON,FEMALE,COLLEGE,360586.03,21585.0,92.0,1/0/00,CORPORATE AUTO,FOUR-DOOR CAR,441.6
RO30676,CALIFORNIA,FEMALE,COLLEGE,776259.06,23827.0,106.0,1/2/00,PERSONAL AUTO,FOUR-DOOR CAR,37.910623
QL59704,ARIZONA,FEMALE,COLLEGE,2344490.05,69906.0,74.0,1/2/00,CORPORATE AUTO,FOUR-DOOR CAR,202.860399
QH19450,CALIFORNIA,FEMALE,HIGH SCHOOL OR BELOW,255817.82,0.0,72.0,1/0/00,CORPORATE AUTO,FOUR-DOOR CAR,345.6
SA54664,WASHINGTON,M,MASTER,265438.1,73196.0,66.0,1/1/00,PERSONAL AUTO,FOUR-DOOR CAR,85.809817
CI38330,WASHINGTON,M,BACHELOR,254978.61,72217.0,6464.0,1/0/00,PERSONAL AUTO,FOUR-DOOR CAR,91.146661
WB38524,CALIFORNIA,M,HIGH SCHOOL OR BELOW,296959.33,46131.0,74.0,1/0/00,PERSONAL AUTO,TWO-DOOR CAR,355.2
CE56187,OREGON,FEMALE,MASTER,436312.46,54514.0,109.0,1/3/00,PERSONAL AUTO,SUV,286.234931
JL19416,CALIFORNIA,FEMALE,HIGH SCHOOL OR BELOW,588430.86,0.0,161.0,1/0/00,PERSONAL AUTO,SUV,1159.2
JZ61422,NEVADA,FEMALE,COLLEGE,527219.16,96668.0,66.0,1/0/00,PERSONAL AUTO,FOUR-DOOR CAR,316.8
LA13377,CALIFORNIA,M,DOCTOR,550989.57,78879.0,69.0,1/1/00,PERSONAL AUTO,FOUR-DOOR CAR,466.570791
NC99948,NEVADA,M,COLLEGE,1631368.35,0.0,69.0,1/0/00,PERSONAL AUTO,FOUR-DOOR CAR,331.2
QD34785,ARIZONA,FEMALE,BACHELOR,567805.02,0.0,76.0,1/0/00,PERSONAL AUTO,FOUR-DOOR CAR,364.8
RO26085,CALIFORNIA,FEMALE,BACHELOR,1210120.88,0.0,112.0,1/0/00,PERSONAL AUTO,SPORTS CAR,1252.406235
ES57969,OREGON,M,BACHELOR,245357.08,29735.0,69.0,1/0/00,PERSONAL AUTO,FOUR-DOOR CAR,331.2
JK55587,CALIFORNIA,M,HIGH SCHOOL OR BELOW,507566.27,23082.0,65.0,1/0/00,SPECIAL AUTO,FOUR-DOOR CAR,312.0
RN97635,ARIZONA,M,BACHELOR,321497.94,53984.0,80.0,1/0/00,CORPORATE AUTO,FOUR-DOOR CAR,421.484456
BI76326,CALIFORNIA,FEMALE,COLLEGE,1227534.31,52135.0,156.0,1/0/00,PERSONAL AUTO,SUV,430.505942
JA34909,CALIFORNIA,FEMALE,COLLEGE,272221.07,17576.0,71.0,1/0/00,CORPORATE AUTO,FOUR-DOOR CAR,398.502948
OJ90342,OREGON,FEMALE,BACHELOR,245744.09,29486.0,62.0,1/0/00,PERSONAL AUTO,FOUR-DOOR CAR,7.646763
CM88932,OREGON,FEMALE,MASTER,355484.53,58557.0,88.0,1/0/00,CORPORATE AUTO,FOUR-DOOR CAR,55.510526
JJ97525,CALIFORNIA,M,BACHELOR,492954.97,25632.0,63.0,1/0/00,PERSONAL AUTO,TWO-DOOR CAR,351.270869
XV21647,CALIFORNIA,FEMALE,HIGH SCHOOL OR BELOW,803645.03,0.0,112.0,1/0/00,PERSONAL AUTO,SPORTS CAR,806.4
MC83487,ARIZONA,M,BACHELOR,427691.53,18768.0,68.0,1/3/00,CORPORATE AUTO,FOUR-DOOR CAR,647.454583
BL90769,CALIFORNIA,FEMALE,BACHELOR,3347334.95,33190.0,106.0,1/0/00,PERSONAL AUTO,SUV,508.8
CR57148,OREGON,FEMALE,MASTER,596058.14,47945.0,74.0,1/0/00,PERSONAL AUTO,TWO-DOOR CAR,128.43823
CP85232,ARIZONA,M,COLLEGE,4479546.94,58778.0,126.0,1/0/00,SPECIAL AUTO,SUV,302.033971
YL74732,CALIFORNIA,FEMALE,HIGH SCHOOL OR BELOW,383211.81,15192.0,100.0,1/0/00,PERSONAL AUTO,SUV,480.0
FG16766,CALIFORNIA,FEMALE,BACHELOR,683793.26,51859.0,171.0,1/0/00,PERSONAL AUTO,SUV,1003.160633
NV55438,NEVADA,FEMALE,HIGH SCHOOL OR BELOW,528526.82,23422.0,72.0,1/0/00,PERSONAL AUTO,TWO-DOOR CAR,518.4
RM10880,CALIFORNIA,FEMALE,COLLEGE,309651.12,21604.0,79.0,1/0/00,CORPORATE AUTO,FOUR-DOOR CAR,379.2
GL56175,ARIZONA,M,COLLEGE,358971.07,79298.0,90.0,1/0/00,PERSONAL AUTO,FOUR-DOOR CAR,244.362072
UK52289,ARIZONA,FEMALE,BACHELOR,258240.85,76731.0,64.0,1/0/00,SPECIAL AUTO,FOUR-DOOR CAR,201.455005
OT85112,WASHINGTON,M,COLLEGE,340391.94,38460.0,88.0,1/1/00,PERSONAL AUTO,FOUR-DOOR CAR,91.55098
BC62782,ARIZONA,F,COLLEGE,1357567.6,48534.0,115.0,1/1/00,PERSONAL AUTO,SUV,552.0
TI19722,WASHINGTON,M,DOCTOR,343613.43,30817.0,88.0,1/0/00,CORPORATE AUTO,FOUR-DOOR CAR,91.834668
JP30654,OREGON,F,COLLEGE,2868582.79,48412.0,104.0,1/0/00,PERSONAL AUTO,SUV,707.430832
UM45563,WASHINGTON,M,BACHELOR,450267.97,68798.0,114.0,1/0/00,PERSONAL AUTO,SUV,92.915251
EN60878,OREGON,M,BACHELOR,618311.15,23712.0,85.0,1/0/00,PERSONAL AUTO,FOUR-DOOR CAR,376.126419
JF36291,CALIFORNIA,M,COLLEGE,387364.7,28142.0,105.0,1/0/00,PERSONAL AUTO,SPORTS CAR,701.708239
BK59444,CALIFORNIA,F,MASTER,1892933.06,72196.0,68.0,1/0/00,PERSONAL AUTO,FOUR-DOOR CAR,152.184244
MK70700,CALIFORNIA,M,MASTER,555329.58,68197.0,69.0,1/0/00,PERSONAL AUTO,FOUR-DOOR CAR,176.819414
IW71076,CALIFORNIA,M,BACHELOR,501125.92,75248.0,63.0,1/0/00,CORPORATE AUTO,FOUR-DOOR CAR,104.454624
AP98768,CALIFORNIA,F,COLLEGE,1044244.63,0.0,98.0,1/0/00,PERSONAL AUTO,FOUR-DOOR CAR,941.718054
OM24164,NEVADA,M,BACHELOR,219961.78,0.0,65.0,1/1/00,PERSONAL AUTO,TWO-DOOR CAR,468.0
HR85211,WASHINGTON,FEMALE,MASTER,512317.09,89879.0,63.0,1/0/00,PERSONAL AUTO,TWO-DOOR CAR,94.030308
VC87846,OREGON,M,HIGH SCHOOL OR BELOW,748431.05,46998.0,96.0,1/0/00,CORPORATE AUTO,FOUR-DOOR CAR,460.8
ZM92052,OREGON,M,BACHELOR,261302.31,57099.0,67.0,1/0/00,PERSONAL AUTO,TWO-DOOR CAR,67.859881
ON73702,ARIZONA,F,BACHELOR,908063.97,33897.0,114.0,1/0/00,CORPORATE AUTO,SUV,539.843003
QQ90441,NEVADA,F,HIGH SCHOOL OR BELOW,1377097.62,59207.0,116.0,1/0/00,PERSONAL AUTO,FOUR-DOOR CAR,556.8
HU35721,OREGON,M,HIGH SCHOOL OR BELOW,287682.29,40171.0,73.0,1/0/00,PERSONAL AUTO,FOUR-DOOR CAR,350.4
YP47665,WASHINGTON,M,DOCTOR,540891.15,80192.0,67.0,1/0/00,PERSONAL AUTO,FOUR-DOOR CAR,95.193157
FU99476,WASHINGTON,M,HIGH SCHOOL OR BELOW,677030.68,74422.0,85.0,1/1/00,PERSONAL AUTO,FOUR-DOOR CAR,95.338505
AG85615,OREGON,M,COLLEGE,2414387.56,0.0,87.0,1/0/00,SPECIAL AUTO,FOUR-DOOR CAR,626.4
OY74069,ARIZONA,F,COLLEGE,353805.95,0.0,67.0,1/5/00,PERSONAL AUTO,FOUR-DOOR CAR,321.6
DJ91267,NEVADA,F,BACHELOR,2909123.94,34226.0,244.0,1/0/00,PERSONAL AUTO,LUXURY SUV,494.395024
KB72438,CALIFORNIA,F,HIGH SCHOOL OR BELOW,1983420.12,65989.0,123.0,1/1/00,PERSONAL AUTO,SUV,115.545086
TR67616,OREGON,M,HIGH SCHOOL OR BELOW,473136.7,30686.0,61.0,1/0/00,CORPORATE AUTO,FOUR-DOOR CAR,19.938981
GF65731,CALIFORNIA,F,MASTER,3553784.6,0.0,113.0,1/0/00,PERSONAL AUTO,SPORTS CAR,799.926741
HB67642,ARIZONA,F,HIGH SCHOOL OR BELOW,3461137.9,20090.0,109.0,1/0/00,PERSONAL AUTO,SPORTS CAR,523.2
DP84567,CALIFORNIA,M,HIGH SCHOOL OR BELOW,2021630.88,0.0,183.0,1/0/00,PERSONAL AUTO,LUXURY SUV,878.4
VV77534,OREGON,M,COLLEGE,1397651.93,77094.0,176.0,1/0/00,PERSONAL AUTO,SUV,444.470676
GL67540,CALIFORNIA,F,COLLEGE,590408.82,97413.0,73.0,1/0/00,PERSONAL AUTO,FOUR-DOOR CAR,268.819985
SV50502,OREGON,F,MASTER,559583.5,79189.0,69.0,1/0/00,CORPORATE AUTO,FOUR-DOOR CAR,331.2
UK59698,CALIFORNIA,F,HIGH SCHOOL OR BELOW,229430.36,0.0,62.0,1/0/00,PERSONAL AUTO,TWO-DOOR CAR,297.6
OA57352,ARIZONA,F,COLLEGE,627391.19,18577.0,86.0,1/0/00,PERSONAL AUTO,FOUR-DOOR CAR,412.8
ZF84449,OREGON,F,COLLEGE,372672.8,0.0,112.0,1/1/00,SPECIAL AUTO,SPORTS CAR,806.4
AX86150,WASHINGTON,M,HIGH SCHOOL OR BELOW,265671.31,62777.0,67.0,1/0/00,PERSONAL AUTO,TWO-DOOR CAR,101.288069
HG39060,OREGON,MALE,BACHELOR,511068.08,0.0,74.0,1/0/00,CORPORATE AUTO,FOUR-DOOR CAR,532.8
EM29359,NEVADA,MALE,COLLEGE,712659.65,17483.0,183.0,1/0/00,PERSONAL AUTO,LUXURY CAR,1317.6
SF57173,OREGON,MALE,MASTER,460163.41,84394.0,114.0,1/0/00,PERSONAL AUTO,SUV,691.412378
OT47603,OREGON,MALE,COLLEGE,915523.97,0.0,127.0,1/0/00,PERSONAL AUTO,SPORTS CAR,804.811859
SW31412,OREGON,F,COLLEGE,1480805.62,41440.0,62.0,1/1/00,PERSONAL AUTO,FOUR-DOOR CAR,297.6
JS36322,ARIZONA,MALE,HIGH SCHOOL OR BELOW,890167.84,0.0,136.0,1/1/00,PERSONAL AUTO,SPORTS CAR,1090.86434
RE81445,OREGON,F,COLLEGE,573459.82,98132.0,71.0,1/0/00,PERSONAL AUTO,TWO-DOOR CAR,50.587035
RM24280,OREGON,F,HIGH SCHOOL OR BELOW,417769.7,0.0,112.0,1/0/00,PERSONAL AUTO,FOUR-DOOR CAR,537.6
LC25393,CALIFORNIA,MALE,BACHELOR,2777628.91,88220.0,230.0,1/0/00,PERSONAL AUTO,LUXURY CAR,151.528482
UX38930,ARIZONA,F,MASTER,1036434.75,58327.0,129.0,1/0/00,PERSONAL AUTO,SUV,347.075948
HD95496,OREGON,MALE,MASTER,785190.14,25950.0,66.0,1/0/00,PERSONAL AUTO,TWO-DOOR CAR,271.697529
RX24650,OREGON,MALE,HIGH SCHOOL OR BELOW,477294.38,20993.0,133.0,1/0/00,CORPORATE AUTO,SUV,638.4
DW19309,OREGON,MALE,HIGH SCHOOL OR BELOW,1422650.49,65726.0,177.0,1/0/00,CORPORATE AUTO,SUV,849.6
MT41386,WASHINGTON,M,BACHELORS,287543.24,84768.0,72.0,1/0/00,PERSONAL AUTO,TWO-DOOR CAR,110.484661
WZ40465,WASHINGTON,F,BACHELOR,504129.96,36234.0,63.0,1/0/00,PERSONAL AUTO,FOUR-DOOR CAR,113.534474
DB42794,CALIFORNIA,MALE,COLLEGE,436293.12,58842.0,110.0,1/0/00,PERSONAL AUTO,FOUR-DOOR CAR,528.0
JB50798,OREGON,F,MASTER,962452.44,25629.0,124.0,1/2/00,CORPORATE AUTO,SPORTS CAR,595.2
IP69763,WASHINGTON,F,COLLEGE,2191440.55,77311.0,181.0,1/0/00,PERSONAL AUTO,SUV,113.609508
TE35785,CALIFORNIA,MALE,DOCTOR,694842.22,0.0,196.0,1/2/00,PERSONAL AUTO,LUXURY SUV,1337.063487
HX74855,WASHINGTON,M,HIGH SCHOOL OR BELOW,247152.84,95697.0,61.0,1/0/00,PERSONAL AUTO,TWO-DOOR CAR,114.273025
QN65180,OREGON,F,BACHELOR,2190391.36,22254.0,79.0,1/0/00,PERSONAL AUTO,FOUR-DOOR CAR,125.194389
GE47180,NEVADA,MALE,HIGH SCHOOL OR BELOW,902882.14,65974.0,113.0,1/0/00,PERSONAL AUTO,SPORTS CAR,235.220971
VQ38776,OREGON,F,COLLEGE,530375.95,0.0,76.0,1/0/00,PERSONAL AUTO,FOUR-DOOR CAR,395.34111
BH86846,WASHINGTON,M,HIGH SCHOOL OR BELOW,2070825.88,92079.0,65.0,1/1/00,CORPORATE AUTO,FOUR-DOOR CAR,114.798771
IN17648,NEVADA,MALE,HIGH SCHOOL OR BELOW,512376.81,0.0,74.0,1/0/00,PERSONAL AUTO,TWO-DOOR CAR,772.798511
DF95759,OREGON,MALE,COLLEGE,949234.3,0.0,132.0,1/0/00,PERSONAL AUTO,SUV,633.6
QG45324,OREGON,F,HIGH SCHOOL OR BELOW,820486.32,0.0,73.0,1/0/00,PERSONAL AUTO,FOUR-DOOR CAR,350.4
MN61620,ARIZONA,F,COLLEGE,987729.57,67752.0,131.0,1/4/00,PERSONAL AUTO,SPORTS CAR,168.517149
YH86390,CALIFORNIA,F,BACHELOR,481500.97,25398.0,64.0,1/0/00,CORPORATE AUTO,FOUR-DOOR CAR,307.2
FY13480,CALIFORNIA,MALE,HIGH SCHOOL OR BELOW,627701.17,0.0,88.0,1/0/00,PERSONAL AUTO,FOUR-DOOR CAR,633.6
YH61661,CALIFORNIA,M,HIGH SCHOOL OR BELOW,826063.98,33321.0,105.0,1/0/00,SPECIAL AUTO,SUV,504.0
NL93182,NEVADA,M,BACHELOR,254945.0,0.0,78.0,1/0/00,CORPORATE AUTO,FOUR-DOOR CAR,845.654042
WE68644,OREGON,F,BACHELOR,380392.18,20325.0,100.0,1/0/00,PERSONAL AUTO,SPORTS CAR,668.29397
EZ30498,OREGON,M,BACHELOR,863540.35,13129.0,117.0,1/0/00,PERSONAL AUTO,SUV,700.901632
QY74517,OREGON,F,HIGH SCHOOL OR BELOW,551055.9,0.0,73.0,1/0/00,PERSONAL AUTO,FOUR-DOOR CAR,525.6
NM88660,NEVADA,M,MASTER,358588.41,49080.0,91.0,1/0/00,CORPORATE AUTO,FOUR-DOOR CAR,25.299
MZ82036,NEVADA,M,COLLEGE,488925.28,42536.0,63.0,1/0/00,PERSONAL AUTO,FOUR-DOOR CAR,375.330097
ID20929,OREGON,M,BACHELOR,275694.17,29926.0,74.0,1/0/00,CORPORATE AUTO,FOUR-DOOR CAR,418.233667
EY50028,NEVADA,M,DOCTOR,328954.74,0.0,86.0,1/0/00,CORPORATE AUTO,TWO-DOOR CAR,398.240791
TT82373,CALIFORNIA,F,BACHELOR,1093717.85,21450.0,138.0,1/0/00,PERSONAL AUTO,SPORTS CAR,938.513425
OH64088,CALIFORNIA,M,HIGH SCHOOL OR BELOW,737556.79,33345.0,65.0,1/0/00,CORPORATE AUTO,FOUR-DOOR CAR,338.619869
SK97780,CALIFORNIA,F,BACHELOR,1011077.82,15752.0,90.0,1/0/00,CORPORATE AUTO,TWO-DOOR CAR,339.344531
IO33050,OREGON,F,HIGH SCHOOL OR BELOW,511941.43,40169.0,65.0,1/1/00,PERSONAL AUTO,FOUR-DOOR CAR,302.818833
XA55917,CALIFORNIA,F,COLLEGE,853383.2,26049.0,113.0,1/1/00,PERSONAL AUTO,SUV,619.165344
JK32620,NEVADA,M,COLLEGE,222476.8,0.0,68.0,1/0/00,PERSONAL AUTO,FOUR-DOOR CAR,326.4
RQ19236,ARIZONA,M,DOCTOR,804280.38,55411.0,100.0,1/0/00,PERSONAL AUTO,SPORTS CAR,259.561195
QC47433,OREGON,M,COLLEGE,255443.71,12459.0,70.0,1/0/00,PERSONAL AUTO,FOUR-DOOR CAR,336.0
RA93608,OREGON,M,BACHELOR,1807394.0,64620.0,76.0,1/1/00,PERSONAL AUTO,TWO-DOOR CAR,364.8
XH97711,CALIFORNIA,M,BACHELOR,243050.66,83140.0,61.0,1/0/00,CORPORATE AUTO,FOUR-DOOR CAR,179.161843
AU96286,OREGON,F,BACHELOR,316765.84,0.0,92.0,1/0/00,CORPORATE AUTO,FOUR-DOOR CAR,662.4
KC17170,ARIZONA,F,BACHELOR,546560.4,54422.0,68.0,1/0/00,CORPORATE AUTO,FOUR-DOOR CAR,75.501852
ZN47335,CALIFORNIA,M,COLLEGE,1035751.42,68309.0,131.0,1/0/00,CORPORATE AUTO,SUV,306.983596
EI46264,CALIFORNIA,M,HIGH SCHOOL OR BELOW,253781.39,56621.0,65.0,1/2/00,PERSONAL AUTO,FOUR-DOOR CAR,84.026848
EK87864,ARIZONA,F,COLLEGE,282194.72,38977.0,70.0,1/0/00,SPECIAL AUTO,FOUR-DOOR CAR,139.489926
GV45403,AZ,M,BACHELOR,775712.81,0.0,111.0,1/0/00,CORPORATE AUTO,TWO-DOOR CAR,607.4459
QK31192,AZ,M,HIGH SCHOOL OR BELOW,407913.27,0.0,114.0,1/0/00,CORPORATE AUTO,TWO-DOOR CAR,631.124372
LU89008,AZ,F,COLLEGE,595554.46,0.0,83.0,1/0/00,PERSONAL AUTO,FOUR-DOOR CAR,628.023494
NS10490,OREGON,F,BACHELOR,1415861.36,83235.0,70.0,1/0/00,PERSONAL AUTO,TWO-DOOR CAR,336.0
KL98495,NEVADA,M,COLLEGE,848723.8,0.0,74.0,1/0/00,PERSONAL AUTO,TWO-DOOR CAR,426.655599
IU96845,AZ,M,COLLEGE,628547.69,32390.0,80.0,1/0/00,PERSONAL AUTO,FOUR-DOOR CAR,91.417923
QL93655,OREGON,F,HIGH SCHOOL OR BELOW,1147348.15,66538.0,95.0,1/0/00,PERSONAL AUTO,TWO-DOOR CAR,317.844812
PF40592,WASHINGTON,F,COLLEGE,494263.06,23285.0,65.0,1/0/00,PERSONAL AUTO,TWO-DOOR CAR,118.446235
LZ34046,OREGON,M,BACHELOR,2359468.02,76358.0,66.0,1/0/00,PERSONAL AUTO,FOUR-DOOR CAR,86.461582
JC80093,WASHINGTON,M,MASTER,257250.66,21104.0,66.0,1/0/00,PERSONAL AUTO,FOUR-DOOR CAR,118.454974
YE88490,AZ,F,COLLEGE,538089.86,55350.0,67.0,1/0/00,PERSONAL AUTO,FOUR-DOOR CAR,321.6
YC80498,CALIFORNIA,F,COLLEGE,477055.09,12964.0,65.0,1/0/00,PERSONAL AUTO,TWO-DOOR CAR,362.774545
AI85843,AZ,F,MASTER,675665.14,33288.0,86.0,1/2/00,PERSONAL AUTO,FOUR-DOOR CAR,221.856184
XD66024,AZ,F,COLLEGE,593601.18,0.0,84.0,1/0/00,PERSONAL AUTO,FOUR-DOOR CAR,980.169081
FY51713,AZ,F,BACHELOR,357076.05,56168.0,88.0,1/0/00,PERSONAL AUTO,FOUR-DOOR CAR,614.675906
PH26378,CALIFORNIA,M,COLLEGE,601996.05,0.0,92.0,1/0/00,PERSONAL AUTO,FOUR-DOOR CAR,662.4
WQ18638,OREGON,M,HIGH SCHOOL OR BELOW,542686.4,23105.0,69.0,1/0/00,PERSONAL AUTO,TWO-DOOR CAR,331.2
KY14688,OREGON,F,MASTER,273031.38,36218.0,68.0,1/0/00,PERSONAL AUTO,FOUR-DOOR CAR,145.252168
TC97762,CALIFORNIA,F,HIGH SCHOOL OR BELOW,498268.14,52275.0,62.0,1/0/00,CORPORATE AUTO,FOUR-DOOR CAR,374.240783
QC87108,OREGON,F,COLLEGE,876926.68,49665.0,74.0,1/0/00,PERSONAL AUTO,FOUR-DOOR CAR,355.2
CX12134,NEVADA,M,HIGH SCHOOL OR BELOW,422061.35,32471.0,110.0,1/0/00,PERSONAL AUTO,TWO-DOOR CAR,528.0
SM73248,AZ,M,HIGH SCHOOL OR BELOW,1153750.51,0.0,86.0,1/1/00,CORPORATE AUTO,TWO-DOOR CAR,619.2
CK19789,CALIFORNIA,F,MASTER,588718.2,62773.0,73.0,1/0/00,PERSONAL AUTO,FOUR-DOOR CAR,80.669257
UV12583,CALIFORNIA,F,COLLEGE,470058.38,76694.0,117.0,1/0/00,PERSONAL AUTO,SUV,561.6
JC11405,OREGON,M,HIGH SCHOOL OR BELOW,1096395.72,55687.0,276.0,1/0/00,PERSONAL AUTO,LUXURY SUV,1324.8
KA89683,AZ,F,HIGH SCHOOL OR BELOW,252317.12,0.0,70.0,1/0/00,PERSONAL AUTO,FOUR-DOOR CAR,504.0
BG85305,NEVADA,M,DOCTOR,375780.47,36633.0,96.0,1/1/00,PERSONAL AUTO,FOUR-DOOR CAR,460.8
UQ87917,OREGON,M,HIGH SCHOOL OR BELOW,1294173.35,77060.0,106.0,1/0/00,PERSONAL AUTO,SUV,468.566133
XN11823,NEVADA,F,BACHELOR,376446.51,92600.0,94.0,1/0/00,CORPORATE AUTO,TWO-DOOR CAR,842.43785
OS46571,CALIFORNIA,M,HIGH SCHOOL OR BELOW,688955.7,0.0,66.0,1/0/00,PERSONAL AUTO,FOUR-DOOR CAR,475.2
PX17116,NEVADA,M,COLLEGE,362345.42,0.0,111.0,1/2/00,CORPORATE AUTO,SUV,1171.93117
RP19541,AZ,M,COLLEGE,758211.38,64801.0,64.0,1/0/00,PERSONAL AUTO,FOUR-DOOR CAR,268.471802
ZR25747,OREGON,F,COLLEGE,827774.56,45257.0,103.0,1/0/00,CORPORATE AUTO,TWO-DOOR CAR,494.4
NQ86532,CALIFORNIA,M,HIGH SCHOOL OR BELOW,257645.56,26854.0,66.0,1/0/00,PERSONAL AUTO,FOUR-DOOR CAR,475.2
JY27336,OREGON,F,COLLEGE,820538.79,85840.0,102.0,1/2/00,CORPORATE AUTO,SUV,138.722385
PB54378,OREGON,F,DOCTOR,1958246.89,26463.0,72.0,1/0/00,CORPORATE AUTO,FOUR-DOOR CAR,345.6
SV38190,NEVADA,F,BACHELOR,648152.66,30689.0,81.0,1/0/00,PERSONAL AUTO,FOUR-DOOR CAR,467.24802
CV24005,OREGON,M,HIGH SCHOOL OR BELOW,259931.09,29590.0,66.0,1/0/00,CORPORATE AUTO,TWO-DOOR CAR,467.503236
EX28656,OREGON,F,COLLEGE,983033.76,25965.0,253.0,1/0/00,PERSONAL AUTO,LUXURY SUV,1214.4
CF57022,OREGON,M,BACHELOR,1044265.14,17269.0,139.0,1/0/00,PERSONAL AUTO,SUV,667.2
GM16780,OREGON,M,COLLEGE,3605753.7,90330.0,137.0,1/3/00,CORPORATE AUTO,SPORTS CAR,192.085299
BX94438,CALIFORNIA,F,HIGH SCHOOL OR BELOW,847003.68,0.0,113.0,1/0/00,CORPORATE AUTO,SUV,619.973889
RM41745,CALIFORNIA,F,HIGH SCHOOL OR BELOW,827878.65,0.0,110.0,1/0/00,PERSONAL AUTO,FOUR-DOOR CAR,1002.782553
XR70252,CALIFORNIA,F,HIGH SCHOOL OR BELOW,478893.26,0.0,67.0,1/1/00,PERSONAL AUTO,TWO-DOOR CAR,321.6
YH92099,AZ,F,BACHELOR,308799.99,18558.0,80.0,1/0/00,SPECIAL AUTO,FOUR-DOOR CAR,384.0
SG81493,ARIZONA,M,BACHELOR,444373.62,46384.0,113.0,1/0/00,CORPORATE AUTO,FOUR-DOOR CAR,251.774574
ZX23819,OREGON,F,HIGH SCHOOL OR BELOW,798408.65,0.0,72.0,1/0/00,PERSONAL AUTO,TWO-DOOR CAR,866.208321
FJ54907,OREGON,F,COLLEGE,718097.1,42303.0,180.0,1/0/00,PERSONAL AUTO,LUXURY SUV,1210.920949
CU26127,CALIFORNIA,F,BACHELOR,1565603.43,71731.0,130.0,1/0/00,CORPORATE AUTO,SUV,599.648466
YH60476,OREGON,M,HIGH SCHOOL OR BELOW,578018.22,51066.0,74.0,1/0/00,CORPORATE AUTO,FOUR-DOOR CAR,787.993313
ZZ97035,CALIFORNIA,M,COLLEGE,2071494.04,0.0,203.0,1/0/00,CORPORATE AUTO,LUXURY CAR,2027.724442
GE82737,NEVADA,F,BACHELOR,533735.24,0.0,86.0,1/3/00,PERSONAL AUTO,FOUR-DOOR CAR,619.2
KY21873,ARIZONA,M,COLLEGE,505082.62,0.0,69.0,1/0/00,PERSONAL AUTO,TWO-DOOR CAR,72.852047
UA51318,ARIZONA,F,HIGH SCHOOL OR BELOW,511662.4,26173.0,68.0,1/1/00,CORPORATE AUTO,FOUR-DOOR CAR,449.819671
BV55014,OREGON,M,BACHELOR,726873.7,24445.0,63.0,1/0/00,PERSONAL AUTO,TWO-DOOR CAR,302.4
HX21307,OREGON,MALE,COLLEGE,261661.39,72302.0,66.0,1/0/00,PERSONAL AUTO,TWO-DOOR CAR,316.8
LQ68252,OREGON,MALE,HIGH SCHOOL OR BELOW,373843.62,27208.0,102.0,1/0/00,PERSONAL AUTO,SUV,489.6
CR92802,CALIFORNIA,F,MASTER,272535.64,36650.0,69.0,1/1/00,SPECIAL AUTO,FOUR-DOOR CAR,56.60333
SL35268,ARIZONA,MALE,COLLEGE,545386.12,30855.0,68.0,1/0/00,CORPORATE AUTO,FOUR-DOOR CAR,259.060862
RD62882,ARIZONA,F,BACHELOR,684615.03,0.0,95.0,1/0/00,PERSONAL AUTO,TWO-DOOR CAR,456.0
JS42382,OREGON,MALE,MASTER,617291.42,99960.0,76.0,1/0/00,CORPORATE AUTO,FOUR-DOOR CAR,364.8
BT30554,ARIZONA,F,BACHELOR,1034632.45,0.0,98.0,1/0/00,PERSONAL AUTO,FOUR-DOOR CAR,470.4
VP57424,NEVADA,F,BACHELOR,699700.86,55873.0,88.0,1/0/00,PERSONAL AUTO,FOUR-DOOR CAR,299.356083
VU19243,ARIZONA,F,HIGH SCHOOL OR BELOW,419625.77,18052.0,111.0,1/0/00,PERSONAL AUTO,FOUR-DOOR CAR,699.1679
TA82973,OREGON,F,HIGH SCHOOL OR BELOW,785810.98,28937.0,104.0,1/2/00,PERSONAL AUTO,SUV,117.959654
GK71720,OREGON,F,HIGH SCHOOL OR BELOW,606434.4,0.0,86.0,1/0/00,PERSONAL AUTO,FOUR-DOOR CAR,545.240341
OQ61223,CALIFORNIA,MALE,COLLEGE,1749752.2,0.0,73.0,1/0/00,PERSONAL AUTO,TWO-DOOR CAR,350.4
LL62746,OREGON,MALE,DOCTOR,897064.73,12829.0,118.0,1/0/00,PERSONAL AUTO,SUV,328.231432
JQ56711,OREGON,F,MASTER,592311.72,92163.0,73.0,1/0/00,PERSONAL AUTO,TWO-DOOR CAR,66.568642
AW77988,OREGON,MALE,HIGH SCHOOL OR BELOW,3585059.94,17588.0,192.0,1/0/00,PERSONAL AUTO,LUXURY CAR,1382.4
QP84605,WASHINGTON,F,BACHELOR,870984.53,41546.0,111.0,1/0/00,CORPORATE AUTO,FOUR-DOOR CAR,121.306839
MY97912,ARIZONA,MALE,COLLEGE,1330933.52,0.0,127.0,1/0/00,PERSONAL AUTO,SUV,609.6
IB87349,CALIFORNIA,M,HIGH SCHOOL OR BELOW,452850.49,70340.0,113.0,1/0/00,SPECIAL AUTO,FOUR-DOOR CAR,542.4
AW73065,OREGON,F,HIGH SCHOOL OR BELOW,279190.65,0.0,74.0,1/0/00,PERSONAL AUTO,FOUR-DOOR CAR,532.8
BW80872,WASHINGTON,M,HIGH SCHOOL OR BELOW,443441.12,34549.0,111.0,1/0/00,PERSONAL AUTO,FOUR-DOOR CAR,125.933005
PX70175,ARIZONA,M,COLLEGE,799600.75,93459.0,99.0,1/0/00,PERSONAL AUTO,FOUR-DOOR CAR,655.41333
KF75098,ARIZONA,M,BACHELOR,512973.9,86148.0,65.0,1/2/00,PERSONAL AUTO,FOUR-DOOR CAR,312.0
IS50283,CALIFORNIA,F,BACHELOR,569717.52,27048.0,72.0,1/0/00,CORPORATE AUTO,FOUR-DOOR CAR,345.6
MY64920,OREGON,F,COLLEGE,921713.06,73259.0,115.0,1/0/00,PERSONAL AUTO,SUV,673.34265
KN34250,OREGON,F,COLLEGE,1020892.76,35482.0,129.0,1/0/00,CORPORATE AUTO,SUV,619.2
GN46207,OREGON,F,MASTER,417068.73,29462.0,107.0,1/1/00,PERSONAL AUTO,SUV,513.6
KL57176,OREGON,F,COLLEGE,450540.58,67801.0,115.0,1/1/00,PERSONAL AUTO,SUV,23.810491
MN94234,CALIFORNIA,M,HIGH SCHOOL OR BELOW,310756.86,0.0,94.0,1/4/00,PERSONAL AUTO,TWO-DOOR CAR,451.2
JY90595,ARIZONA,M,HIGH SCHOOL OR BELOW,552866.5,16042.0,73.0,1/0/00,PERSONAL AUTO,TWO-DOOR CAR,350.4
HK26543,CALIFORNIA,M,HIGH SCHOOL OR BELOW,504586.67,28056.0,64.0,1/1/00,PERSONAL AUTO,FOUR-DOOR CAR,307.2
PN86062,CALIFORNIA,M,HIGH SCHOOL OR BELOW,296272.25,16495.0,85.0,1/3/00,CORPORATE AUTO,FOUR-DOOR CAR,408.0
VW27730,CALIFORNIA,F,MASTER,866595.64,41163.0,108.0,1/0/00,CORPORATE AUTO,SUV,231.922173
SH55671,ARIZONA,F,COLLEGE,1141344.12,0.0,161.0,1/1/00,PERSONAL AUTO,SPORTS CAR,772.8
MO56878,CALIFORNIA,M,BACHELOR,1548843.2,33799.0,109.0,1/3/00,CORPORATE AUTO,SUV,664.980242
VO38365,WASHINGTON,F,COLLEGE,886114.95,90125.0,110.0,1/0/00,CORPORATE AUTO,SUV,128.645946
SV35618,OREGON,F,BACHELOR,593474.15,87747.0,147.0,1/1/00,PERSONAL AUTO,SUV,46.492039
RX12347,NEVADA,M,COLLEGE,354323.21,35695.0,90.0,1/0/00,PERSONAL AUTO,FOUR-DOOR CAR,432.0
FR55658,CALIFORNIA,M,MASTER,349002.83,90985.0,87.0,1/0/00,PERSONAL AUTO,FOUR-DOOR CAR,78.085149
XS12556,CALIFORNIA,F,COLLEGE,368309.99,0.0,101.0,1/0/00,CORPORATE AUTO,SPORTS CAR,564.466556
ZU73588,CALIFORNIA,M,COLLEGE,598977.39,66839.0,154.0,1/0/00,PERSONAL AUTO,SPORTS CAR,739.2
WT43034,CALIFORNIA,F,HIGH SCHOOL OR BELOW,1250084.3,0.0,165.0,1/0/00,PERSONAL AUTO,SUV,792.0
VM13430,OREGON,F,BACHELOR,860915.82,79090.0,107.0,1/0/00,CORPORATE AUTO,SUV,289.040734
TC78849,OREGON,M,BACHELOR,249745.51,24825.0,64.0,1/0/00,PERSONAL AUTO,TWO-DOOR CAR,155.938593
VC34764,CALIFORNIA,M,COLLEGE,701917.72,26806.0,63.0,1/0/00,PERSONAL AUTO,FOUR-DOOR CAR,302.4
WO90953,OREGON,F,COLLEGE,538792.63,56835.0,67.0,1/0/00,PERSONAL AUTO,TWO-DOOR CAR,326.549425
IU47468,OREGON,F,BACHELOR,616555.75,0.0,88.0,1/0/00,SPECIAL AUTO,TWO-DOOR CAR,653.65668
KO46064,CALIFORNIA,M,BACHELOR,273020.29,46135.0,69.0,1/0/00,PERSONAL AUTO,FOUR-DOOR CAR,103.935601
RB34917,ARIZONA,F,BACHELOR,516211.69,0.0,73.0,1/0/00,PERSONAL AUTO,FOUR-DOOR CAR,809.532341
BI38192,OREGON,F,HIGH SCHOOL OR BELOW,793706.48,22862.0,67.0,1/0/00,PERSONAL AUTO,TWO-DOOR CAR,321.6
PU18983,OREGON,F,HIGH SCHOOL OR BELOW,860815.72,21450.0,110.0,1/2/00,PERSONAL AUTO,SPORTS CAR,528.0
SW79912,OREGON,M,BACHELOR,263254.58,95854.0,65.0,1/0/00,PERSONAL AUTO,TWO-DOOR CAR,312.0
ES39217,OREGON,F,BACHELOR,778500.42,44897.0,99.0,1/1/00,PERSONAL AUTO,FOUR-DOOR CAR,580.72531
KP72427,WASHINGTON,M,HIGH SCHOOL OR BELOW,2163983.86,64455.0,108.0,1/0/00,PERSONAL AUTO,SUV,133.735395
UA19178,OREGON,F,MASTER,498082.5,53265.0,62.0,1/0/00,PERSONAL AUTO,FOUR-DOOR CAR,238.005074
PR53785,ARIZONA,F,HIGH SCHOOL OR BELOW,745723.78,0.0,198.0,1/1/00,PERSONAL AUTO,LUXURY CAR,1577.674417
XF57481,WASHINGTON,M,MASTER,1064093.93,50450.0,90.0,1/0/00,PERSONAL AUTO,TWO-DOOR CAR,135.892444
CN90378,CALIFORNIA,F,HIGH SCHOOL OR BELOW,686250.83,54780.0,88.0,1/3/00,PERSONAL AUTO,FOUR-DOOR CAR,135.26125
KI56154,NEVADA,M,HIGH SCHOOL OR BELOW,904898.34,0.0,119.0,1/0/00,PERSONAL AUTO,SPORTS CAR,571.2
UI55951,CALIFORNIA,M,BACHELOR,554803.19,67798.0,69.0,1/0/00,PERSONAL AUTO,FOUR-DOOR CAR,331.2
FF28650,OREGON,M,BACHELOR,831268.16,21442.0,118.0,1/0/00,PERSONAL AUTO,SUV,566.4
FS55302,CALIFORNIA,M,BACHELOR,238998.1,27615.0,62.0,1/1/00,PERSONAL AUTO,FOUR-DOOR CAR,297.6
TN79487,CALIFORNIA,M,BACHELOR,445811.34,17622.0,65.0,1/1/00,PERSONAL AUTO,FOUR-DOOR CAR,312.0
HG32616,NEVADA,M,HIGH SCHOOL OR BELOW,529574.17,50200.0,135.0,1/0/00,PERSONAL AUTO,SPORTS CAR,637.063458
UK41984,ARIZONA,F,DOCTOR,383960.61,0.0,112.0,1/2/00,PERSONAL AUTO,SUV,537.6
LZ52266,CALIFORNIA,F,HIGH SCHOOL OR BELOW,373150.46,0.0,96.0,1/0/00,PERSONAL AUTO,FOUR-DOOR CAR,460.8
PM27367,CALIFORNIA,F,MASTER,277890.37,73570.0,70.0,1/1/00,SPECIAL AUTO,TWO-DOOR CAR,75.936096
ZK21724,OREGON,F,HIGH SCHOOL OR BELOW,401654.2,0.0,111.0,1/0/00,PERSONAL AUTO,SUV,799.2
BH35482,WASHINGTON,M,DOCTOR,493094.93,70412.0,61.0,1/0/00,CORPORATE AUTO,TWO-DOOR CAR,136.291083
QE22757,NEVADA,M,DOCTOR,249131.7,36631.0,62.0,1/0/00,PERSONAL AUTO,FOUR-DOOR CAR,67.530904
ON77649,OREGON,F,COLLEGE,290887.59,35895.0,73.0,1/0/00,PERSONAL AUTO,FOUR-DOOR CAR,312.921256
RN82884,ARIZONA,F,COLLEGE,428294.8,40864.0,109.0,1/1/00,PERSONAL AUTO,SUV,166.937747
CQ75652,OREGON,M,COLLEGE,834162.37,0.0,118.0,1/0/00,PERSONAL AUTO,FOUR-DOOR CAR,566.4
FF58467,ARIZONA,F,MASTER,509078.13,93018.0,63.0,1/0/00,PERSONAL AUTO,FOUR-DOOR CAR,135.382194
BS83666,OREGON,M,BACHELOR,736618.83,70014.0,62.0,1/0/00,CORPORATE AUTO,FOUR-DOOR CAR,17.742954
WO29605,OREGON,F,COLLEGE,243687.51,48875.0,61.0,1/0/00,PERSONAL AUTO,TWO-DOOR CAR,1.838367
TL77607,CALIFORNIA,M,BACHELOR,885268.87,67969.0,74.0,1/0/00,PERSONAL AUTO,FOUR-DOOR CAR,197.776009
EZ50606,OREGON,F,HIGH SCHOOL OR BELOW,2387547.68,0.0,108.0,1/0/00,CORPORATE AUTO,SUV,612.102262
OS39723,OREGON,F,DOCTOR,560049.65,68665.0,69.0,1/0/00,PERSONAL AUTO,TWO-DOOR CAR,331.2
FN69743,CALIFORNIA,M,COLLEGE,463654.65,26802.0,66.0,1/1/00,CORPORATE AUTO,TWO-DOOR CAR,316.8
XW96958,NEVADA,M,HIGH SCHOOL OR BELOW,757334.51,0.0,110.0,1/0/00,CORPORATE AUTO,FOUR-DOOR CAR,1193.036154
TU92578,CALIFORNIA,M,COLLEGE,1469663.55,45345.0,125.0,1/0/00,PERSONAL AUTO,SUV,600.0
TL43709,WASHINGTON,M,BACHELORS,897214.03,89689.0,74.0,1/0/00,PERSONAL AUTO,FOUR-DOOR CAR,136.829537
YE68736,CALIFORNIA,F,BACHELOR,772484.01,32051.0,193.0,1/1/00,PERSONAL AUTO,SUV,926.4
OB96537,OREGON,M,MASTER,594667.07,81139.0,74.0,1/0/00,SPECIAL AUTO,FOUR-DOOR CAR,392.6364
EU68825,OREGON,F,MASTER,800054.51,63834.0,100.0,1/1/00,PERSONAL AUTO,SPORTS CAR,215.226476
CC31456,ARIZONA,M,BACHELOR,645756.1,37548.0,81.0,1/0/00,SPECIAL AUTO,FOUR-DOOR CAR,160.598662
DJ77787,ARIZONA,F,HIGH SCHOOL OR BELOW,728144.01,0.0,69.0,1/3/00,PERSONAL AUTO,FOUR-DOOR CAR,371.803029
LN26837,CALIFORNIA,M,HIGH SCHOOL OR BELOW,259243.78,72421.0,65.0,1/0/00,PERSONAL AUTO,FOUR-DOOR CAR,312.0
YI92916,NEVADA,M,MASTER,467842.34,83102.0,116.0,1/0/00,CORPORATE AUTO,FOUR-DOOR CAR,443.670399
NW54906,OREGON,M,COLLEGE,1386992.71,28432.0,118.0,1/0/00,PERSONAL AUTO,SUV,612.300581
ME77513,NEVADA,F,MASTER,871777.78,83707.0,108.0,1/0/00,CORPORATE AUTO,FOUR-DOOR CAR,290.391526
UK76891,CALIFORNIA,F,COLLEGE,523398.68,63259.0,65.0,1/0/00,CORPORATE AUTO,FOUR-DOOR CAR,316.795337
SI26888,NEVADA,F,HIGH SCHOOL OR BELOW,476418.97,0.0,67.0,1/0/00,PERSONAL AUTO,FOUR-DOOR CAR,405.527937
YD74948,OREGON,F,COLLEGE,247246.92,63860.0,62.0,1/0/00,PERSONAL AUTO,FOUR-DOOR CAR,208.598246
HB64268,WASHINGTON,M,BACHELOR,281369.26,43836.0,73.0,1/0/00,PERSONAL AUTO,FOUR-DOOR CAR,138.130879
BW52697,CALIFORNIA,F,COLLEGE,550505.7,86132.0,68.0,1/0/00,PERSONAL AUTO,TWO-DOOR CAR,301.437365
NL41409,OREGON,F,BACHELOR,260620.85,28519.0,66.0,1/0/00,PERSONAL AUTO,TWO-DOOR CAR,456.473115
OD69005,ARIZONA,F,HIGH SCHOOL OR BELOW,1048194.38,39102.0,88.0,1/0/00,PERSONAL AUTO,FOUR-DOOR CAR,152.338562
ZZ91716,CALIFORNIA,F,BACHELOR,325676.64,0.0,89.0,1/0/00,PERSONAL AUTO,FOUR-DOOR CAR,491.755368
UK70255,CALIFORNIA,F,COLLEGE,3047578.05,97298.0,128.0,1/0/00,PERSONAL AUTO,SPORTS CAR,48.517439
QT25383,NEVADA,M,HIGH SCHOOL OR BELOW,636490.22,41986.0,84.0,1/2/00,PERSONAL AUTO,TWO-DOOR CAR,430.375049
AW18068,ARIZONA,M,HIGH SCHOOL OR BELOW,946850.93,0.0,88.0,1/0/00,PERSONAL AUTO,TWO-DOOR CAR,633.6
NS45347,OREGON,F,COLLEGE,563145.19,17291.0,73.0,1/0/00,PERSONAL AUTO,FOUR-DOOR CAR,350.4
FV19421,CALIFORNIA,M,BACHELOR,778099.93,0.0,74.0,1/0/00,PERSONAL AUTO,FOUR-DOOR CAR,246.489123
XW89091,CALIFORNIA,M,COLLEGE,981652.83,37256.0,62.0,1/0/00,PERSONAL AUTO,FOUR-DOOR CAR,128.969729
YC11951,OREGON,M,HIGH SCHOOL OR BELOW,751913.36,96306.0,95.0,1/1/00,CORPORATE AUTO,FOUR-DOOR CAR,185.355353
UY18770,CALIFORNIA,F,BACHELOR,1017971.7,14290.0,271.0,1/0/00,PERSONAL AUTO,LUXURY SUV,1300.8
RA49085,CALIFORNIA,F,COLLEGE,277283.92,37038.0,71.0,1/1/00,CORPORATE AUTO,FOUR-DOOR CAR,9.071305
BG84194,OREGON,M,COLLEGE,403750.18,90760.0,103.0,1/2/00,SPECIAL AUTO,SUV,133.475315
PT64580,WASHINGTON,M,MASTER,419196.61,77048.0,103.0,1/0/00,PERSONAL AUTO,SUV,141.199465
MR67738,OREGON,F,HIGH SCHOOL OR BELOW,267686.79,54480.0,67.0,1/0/00,PERSONAL AUTO,FOUR-DOOR CAR,321.6
DM95829,CALIFORNIA,M,COLLEGE,252395.96,16244.0,68.0,1/0/00,PERSONAL AUTO,TWO-DOOR CAR,623.223617
DB75522,CALIFORNIA,F,COLLEGE,698840.16,22436.0,89.0,1/0/00,SPECIAL AUTO,FOUR-DOOR CAR,427.2
LM34525,WASHINGTON,F,COLLEGE,874205.78,71592.0,72.0,1/0/00,PERSONAL AUTO,FOUR-DOOR CAR,141.725051
WW30771,ARIZONA,M,MASTER,267331.96,28728.0,67.0,1/0/00,PERSONAL AUTO,FOUR-DOOR CAR,321.6
QP65569,ARIZONA,M,HIGH SCHOOL OR BELOW,1215732.99,57449.0,103.0,1/0/00,PERSONAL AUTO,FOUR-DOOR CAR,494.4
TN50051,CALIFORNIA,F,DOCTOR,295776.4,83318.0,73.0,1/0/00,PERSONAL AUTO,TWO-DOOR CAR,211.336937
UO86707,WASHINGTON,M,BACHELORS,717390.94,75217.0,61.0,1/1/00,PERSONAL AUTO,FOUR-DOOR CAR,147.080303
JA41698,NEVADA,M,BACHELOR,309953.8,0.0,102.0,1/5/00,CORPORATE AUTO,SUV,862.762957
NX18774,OREGON,M,BACHELOR,841568.46,55308.0,107.0,1/0/00,CORPORATE AUTO,SUV,513.6
DA69469,OREGON,F,COLLEGE,2684312.45,36068.0,97.0,1/0/00,PERSONAL AUTO,TWO-DOOR CAR,113.367765
CN23147,OREGON,M,BACHELOR,1305717.07,48804.0,112.0,1/1/00,CORPORATE AUTO,FOUR-DOOR CAR,537.6
RA68844,OREGON,M,COLLEGE,959995.02,0.0,131.0,1/0/00,PERSONAL AUTO,SUV,943.2
GH42026,OREGON,M,BACHELOR,853510.89,55790.0,111.0,1/0/00,PERSONAL AUTO,SUV,117.672722
BD16530,ARIZONA,F,BACHELOR,829348.19,70258.0,69.0,1/0/00,PERSONAL AUTO,FOUR-DOOR CAR,225.145949
JH91579,OREGON,F,BACHELOR,684615.03,0.0,95.0,1/0/00,PERSONAL AUTO,TWO-DOOR CAR,456.0
WK23685,OREGON,F,BACHELOR,663685.98,47274.0,83.0,1/1/00,CORPORATE AUTO,FOUR-DOOR CAR,182.432565
GR62267,WASHINGTON,F,COLLEGE,560908.25,44705.0,71.0,1/0/00,PERSONAL AUTO,TWO-DOOR CAR,148.173152
PI78084,ARIZONA,M,HIGH SCHOOL OR BELOW,507732.09,0.0,73.0,1/0/00,PERSONAL AUTO,TWO-DOOR CAR,525.6
GF97874,WASHINGTON,F,MASTER,527562.7,70446.0,65.0,1/0/00,PERSONAL AUTO,FOUR-DOOR CAR,155.570802
ZH19885,WASHINGTON,F,HIGH SCHOOL OR BELOW,251459.2,43860.0,65.0,1/0/00,PERSONAL AUTO,FOUR-DOOR CAR,156.124914
UK25655,OREGON,F,BACHELOR,343525.01,64348.0,86.0,1/0/00,PERSONAL AUTO,TWO-DOOR CAR,212.391975
QR45101,OREGON,M,BACHELOR,662461.18,0.0,62.0,1/0/00,CORPORATE AUTO,TWO-DOOR CAR,297.6
EL93539,CALIFORNIA,M,MASTER,575744.23,88997.0,72.0,1/0/00,SPECIAL AUTO,FOUR-DOOR CAR,174.041566
EE99484,WASHINGTON,F,HIGH SCHOOL OR BELOW,251459.2,43860.0,65.0,1/0/00,CORPORATE AUTO,FOUR-DOOR CAR,156.124914
DP46882,CALIFORNIA,F,HIGH SCHOOL OR BELOW,288645.16,10312.0,78.0,1/0/00,CORPORATE AUTO,FOUR-DOOR CAR,486.278557
WP41146,CALIFORNIA,F,HIGH SCHOOL OR BELOW,534143.88,0.0,72.0,1/1/00,PERSONAL AUTO,FOUR-DOOR CAR,345.6
TK60799,ARIZONA,F,HIGH SCHOOL OR BELOW,416001.81,96263.0,103.0,1/0/00,PERSONAL AUTO,SUV,1.924709
DN29808,CALIFORNIA,F,COLLEGE,284624.54,28919.0,72.0,1/0/00,CORPORATE AUTO,FOUR-DOOR CAR,518.4
SS59521,OREGON,F,COLLEGE,477025.66,0.0,68.0,1/1/00,PERSONAL AUTO,TWO-DOOR CAR,326.4
NG66579,OREGON,M,BACHELOR,505961.62,41869.0,64.0,1/0/00,PERSONAL AUTO,TWO-DOOR CAR,262.12205
TC14209,ARIZONA,F,HIGH SCHOOL OR BELOW,909574.46,0.0,128.0,1/0/00,PERSONAL AUTO,SUV,921.6
ED50963,CALIFORNIA,F,HIGH SCHOOL OR BELOW,268886.4,32808.0,68.0,1/1/00,PERSONAL AUTO,FOUR-DOOR CAR,541.695658
GP40701,CALIFORNIA,F,BACHELOR,827763.76,79780.0,68.0,1/0/00,PERSONAL AUTO,FOUR-DOOR CAR,326.4
CP98451,OREGON,F,COLLEGE,905793.53,91025.0,112.0,1/0/00,PERSONAL AUTO,SUV,327.682669
NX52648,CALIFORNIA,F,HIGH SCHOOL OR BELOW,380175.04,33043.0,95.0,1/0/00,PERSONAL AUTO,TWO-DOOR CAR,456.0
ZC32510,ARIZONA,M,HIGH SCHOOL OR BELOW,933934.16,69442.0,118.0,1/3/00,PERSONAL AUTO,FOUR-DOOR CAR,1265.570302
NG27780,OREGON,M,COLLEGE,252012.32,0.0,70.0,1/0/00,CORPORATE AUTO,FOUR-DOOR CAR,63.043197
HN95240,ARIZONA,F,COLLEGE,498409.53,0.0,70.0,1/0/00,CORPORATE AUTO,FOUR-DOOR CAR,336.0
EB59129,OREGON,F,BACHELOR,259574.8,47234.0,65.0,1/0/00,PERSONAL AUTO,FOUR-DOOR CAR,15.631363
RA70851,OREGON,M,HIGH SCHOOL OR BELOW,743769.33,86863.0,92.0,1/0/00,PERSONAL AUTO,FOUR-DOOR CAR,441.6
PM19162,OREGON,M,BACHELOR,1453678.76,25805.0,66.0,1/2/00,PERSONAL AUTO,FOUR-DOOR CAR,375.866091
MS59005,NEVADA,M,BACHELOR,591330.59,43676.0,76.0,1/0/00,PERSONAL AUTO,FOUR-DOOR CAR,364.8
SU71163,ARIZONA,M,COLLEGE,277166.3,59855.0,74.0,1/4/00,PERSONAL AUTO,TWO-DOOR CAR,355.2
BD35676,ARIZONA,M,MASTER,2919436.64,35296.0,126.0,1/0/00,PERSONAL AUTO,SUV,452.616872
NI44621,OREGON,F,MASTER,988038.58,36576.0,125.0,1/1/00,PERSONAL AUTO,SUV,113.450122
EW33419,CALIFORNIA,F,HIGH SCHOOL OR BELOW,1511440.24,28513.0,100.0,1/1/00,CORPORATE AUTO,SUV,480.0
HX44948,OREGON,M,BACHELOR,575991.08,85448.0,72.0,1/0/00,SPECIAL AUTO,FOUR-DOOR CAR,16.03451
DL36983,OREGON,F,HIGH SCHOOL OR BELOW,849516.42,23791.0,110.0,1/3/00,PERSONAL AUTO,TWO-DOOR CAR,615.27228
XR87264,CALIFORNIA,F,BACHELOR,438118.42,20597.0,112.0,1/0/00,PERSONAL AUTO,FOUR-DOOR CAR,615.256301
NN99001,ARIZONA,F,COLLEGE,699782.74,56940.0,87.0,1/0/00,PERSONAL AUTO,FOUR-DOOR CAR,512.66245
XV95530,OREGON,M,BACHELOR,1143058.85,93210.0,71.0,1/0/00,PERSONAL AUTO,TWO-DOOR CAR,74.523935
OL97871,OREGON,F,BACHELOR,748248.61,48992.0,94.0,1/1/00,PERSONAL AUTO,FOUR-DOOR CAR,426.072946
HQ23708,ARIZONA,F,MASTER,859691.66,53736.0,71.0,1/0/00,PERSONAL AUTO,TWO-DOOR CAR,169.287785
WR63188,ARIZONA,M,COLLEGE,785496.08,25378.0,66.0,1/1/00,PERSONAL AUTO,FOUR-DOOR CAR,419.464143
NG82219,OREGON,F,BACHELOR,258240.85,76731.0,64.0,1/0/00,PERSONAL AUTO,FOUR-DOOR CAR,201.455005
KU29408,WASHINGTON,M,MASTER,907576.82,37722.0,116.0,1/0/00,CORPORATE AUTO,SPORTS CAR,158.077504
RE46783,CALIFORNIA,F,BACHELOR,411858.86,69379.0,103.0,1/0/00,PERSONAL AUTO,TWO-DOOR CAR,494.4
RU94434,OREGON,M,HIGH SCHOOL OR BELOW,1215732.99,57449.0,103.0,1/0/00,PERSONAL AUTO,FOUR-DOOR CAR,494.4
GI82355,ARIZONA,M,BACHELOR,515281.96,0.0,68.0,1/0/00,CORPORATE AUTO,FOUR-DOOR CAR,326.4
VO26340,NEVADA,M,COLLEGE,651297.65,0.0,93.0,1/0/00,PERSONAL AUTO,TWO-DOOR CAR,669.6
NV61299,ARIZONA,F,BACHELOR,2778969.24,33806.0,89.0,1/0/00,CORPORATE AUTO,FOUR-DOOR CAR,395.729716
DX31066,WASHINGTON,F,COLLEGE,266727.0,94041.0,66.0,1/0/00,PERSONAL AUTO,FOUR-DOOR CAR,159.756733
CY50337,OREGON,F,COLLEGE,1092840.71,74965.0,90.0,1/0/00,PERSONAL AUTO,FOUR-DOOR CAR,58.557552
TJ20375,ARIZONA,F,HIGH SCHOOL OR BELOW,761538.13,34095.0,63.0,1/0/00,PERSONAL AUTO,TWO-DOOR CAR,302.4
EP72155,CALIFORNIA,F,COLLEGE,200435.07,0.0,66.0,1/4/00,PERSONAL AUTO,FOUR-DOOR CAR,316.8
JJ76159,CALIFORNIA,M,COLLEGE,243468.12,96045.0,61.0,1/0/00,CORPORATE AUTO,FOUR-DOOR CAR,8.582971
BG15419,NEVADA,F,BACHELOR,1419536.03,86355.0,118.0,1/0/00,PERSONAL AUTO,SPORTS CAR,285.418473
AO74776,CALIFORNIA,F,HIGH SCHOOL OR BELOW,942768.49,27824.0,118.0,1/0/00,PERSONAL AUTO,SUV,566.4
HQ82233,CALIFORNIA,M,HIGH SCHOOL OR BELOW,1198242.09,42995.0,101.0,1/0/00,PERSONAL AUTO,SUV,410.508316
OL72737,OREGON,F,HIGH SCHOOL OR BELOW,310278.95,21235.0,79.0,1/0/00,PERSONAL AUTO,TWO-DOOR CAR,244.23135
ZQ59828,CALIFORNIA,M,HIGH SCHOOL OR BELOW,422263.12,74585.0,106.0,1/0/00,PERSONAL AUTO,SUV,218.598065
NZ15548,OREGON,M,BACHELOR,402381.44,41833.0,103.0,1/0/00,PERSONAL AUTO,FOUR-DOOR CAR,643.826716
XK61304,CALIFORNIA,F,COLLEGE,529715.18,23908.0,70.0,1/0/00,PERSONAL AUTO,FOUR-DOOR CAR,336.0
EJ44139,OREGON,M,BACHELOR,2142363.72,0.0,65.0,1/0/00,PERSONAL AUTO,TWO-DOOR CAR,312.0
CM94425,ARIZONA,M,BACHELOR,441620.62,61953.0,113.0,1/0/00,PERSONAL AUTO,SUV,497.047297
OV54878,CALIFORNIA,M,BACHELOR,463903.52,0.0,142.0,1/0/00,CORPORATE AUTO,SUV,1022.4
JF57282,NEVADA,M,BACHELOR,486354.46,0.0,137.0,1/0/00,PERSONAL AUTO,SUV,657.6
MY37953,ARIZONA,F,BACHELOR,2583090.98,73760.0,107.0,1/1/00,PERSONAL AUTO,SPORTS CAR,230.245772
XP64922,OREGON,F,COLLEGE,297431.49,23333.0,74.0,1/0/00,CORPORATE AUTO,FOUR-DOOR CAR,5.622751
WL65572,CALIFORNIA,M,COLLEGE,206445.88,0.0,61.0,1/0/00,PERSONAL AUTO,FOUR-DOOR CAR,292.8
LN50325,ARIZONA,F,HIGH SCHOOL OR BELOW,1006460.83,20440.0,128.0,1/2/00,CORPORATE AUTO,SPORTS CAR,614.4
HJ15383,WASHINGTON,M,MASTER,803240.19,27658.0,68.0,1/0/00,PERSONAL AUTO,FOUR-DOOR CAR,160.07526
KH59823,CALIFORNIA,M,COLLEGE,548921.41,50943.0,139.0,1/0/00,SPECIAL AUTO,SUV,667.2
YM79169,CALIFORNIA,M,BACHELOR,261275.67,19003.0,71.0,1/0/00,PERSONAL AUTO,TWO-DOOR CAR,34.651305
DR38127,CALIFORNIA,M,COLLEGE,857346.39,46703.0,108.0,1/0/00,PERSONAL AUTO,FOUR-DOOR CAR,678.100487
PU42145,CALIFORNIA,M,BACHELOR,2412750.4,14072.0,71.0,1/0/00,PERSONAL AUTO,FOUR-DOOR CAR,511.2
KM33477,OREGON,M,COLLEGE,855038.66,21733.0,73.0,1/0/00,CORPORATE AUTO,FOUR-DOOR CAR,525.6
RI53167,ARIZONA,M,BACHELOR,230864.8,20811.0,61.0,1/0/00,PERSONAL AUTO,FOUR-DOOR CAR,292.8
OF77789,ARIZONA,F,HIGH SCHOOL OR BELOW,425462.07,11904.0,61.0,1/2/00,PERSONAL AUTO,TWO-DOOR CAR,292.8
YB33445,OREGON,F,COLLEGE,898285.04,43490.0,114.0,1/4/00,CORPORATE AUTO,SUV,174.588413
BA17836,CALIFORNIA,M,HIGH SCHOOL OR BELOW,786816.6,57340.0,67.0,1/0/00,CORPORATE AUTO,FOUR-DOOR CAR,159.391681
JS43228,CALIFORNIA,M,COLLEGE,770424.87,49088.0,97.0,1/0/00,CORPORATE AUTO,FOUR-DOOR CAR,698.4
BB11622,NEVADA,M,MASTER,1055217.0,47761.0,131.0,1/0/00,PERSONAL AUTO,SUV,232.711071
HQ70429,WASHINGTON,F,COLLEGE,1604510.95,0.0,65.0,1/0/00,PERSONAL AUTO,TWO-DOOR CAR,163.046956
WK88044,ARIZONA,M,BACHELOR,873783.75,61281.0,110.0,1/0/00,PERSONAL AUTO,SUV,79.865605
LA80525,NEVADA,M,BACHELOR,545489.07,0.0,82.0,1/1/00,CORPORATE AUTO,TWO-DOOR CAR,393.6
EH16250,ARIZONA,M,BACHELOR,770528.33,25290.0,66.0,1/0/00,PERSONAL AUTO,FOUR-DOOR CAR,382.085897
PU41872,ARIZONA,F,HIGH SCHOOL OR BELOW,703926.24,24239.0,88.0,1/0/00,PERSONAL AUTO,FOUR-DOOR CAR,48.348319
HB85743,CALIFORNIA,M,BACHELOR,883808.56,82664.0,114.0,1/3/00,PERSONAL AUTO,SUV,133.425609
MM71959,ARIZONA,M,BACHELOR,873352.73,83210.0,110.0,1/0/00,PERSONAL AUTO,SPORTS CAR,528.0
MB83663,OREGON,F,BACHELOR,959747.48,38736.0,81.0,1/0/00,PERSONAL AUTO,TWO-DOOR CAR,561.414794
KR43119,CALIFORNIA,M,COLLEGE,450666.02,0.0,66.0,1/0/00,PERSONAL AUTO,FOUR-DOOR CAR,316.8
KH24214,OREGON,M,COLLEGE,1785797.23,55437.0,64.0,1/1/00,PERSONAL AUTO,FOUR-DOOR CAR,445.287788
AC40767,WASHINGTON,M,BACHELORS,249780.82,68041.0,6464.0,1/0/00,PERSONAL AUTO,TWO-DOOR CAR,165.570243
HP55391,OREGON,M,MASTER,542613.62,0.0,71.0,1/0/00,CORPORATE AUTO,FOUR-DOOR CAR,407.99684
EG62398,CALIFORNIA,F,HIGH SCHOOL OR BELOW,799814.38,29066.0,100.0,1/0/00,PERSONAL AUTO,SUV,844.229478
VS19949,NEVADA,M,BACHELOR,289762.07,54337.0,72.0,1/0/00,PERSONAL AUTO,FOUR-DOOR CAR,345.6
AM92343,OREGON,F,HIGH SCHOOL OR BELOW,1159950.22,67616.0,96.0,1/0/00,PERSONAL AUTO,FOUR-DOOR CAR,340.306584
GI68556,CALIFORNIA,F,BACHELOR,1514793.06,41082.0,63.0,1/0/00,PERSONAL AUTO,TWO-DOOR CAR,106.647493
JT11876,WA,F,HIGH SCHOOL OR BELOW,543576.78,0.0,10202.0,1/0/00,PERSONAL AUTO,FOUR-DOOR CAR,626.116259
XR64251,NEVADA,F,MASTER,272535.64,36650.0,69.0,1/1/00,PERSONAL AUTO,FOUR-DOOR CAR,56.60333
MK34957,OREGON,F,COLLEGE,1329771.23,50631.0,112.0,1/4/00,SPECIAL AUTO,SUV,784.65781
GP18756,CALIFORNIA,M,COLLEGE,992704.97,19592.0,92.0,1/0/00,PERSONAL AUTO,FOUR-DOOR CAR,441.6
AP23850,WA,F,HIGH SCHOOL OR BELOW,1777154.9,0.0,114.0,1/0/00,PERSONAL AUTO,TWO-DOOR CAR,547.2
KQ65521,ARIZONA,F,COLLEGE,1826927.02,55761.0,115.0,1/0/00,PERSONAL AUTO,SPORTS CAR,86.27772
EJ19449,CALIFORNIA,F,COLLEGE,272221.07,17576.0,71.0,1/0/00,SPECIAL AUTO,FOUR-DOOR CAR,398.502948
QB70027,CALIFORNIA,F,BACHELOR,708321.24,41449.0,89.0,1/0/00,PERSONAL AUTO,FOUR-DOOR CAR,63.516572
QW47320,CALI,F,BACHELOR,1017971.7,14290.0,271.0,1/0/00,PERSONAL AUTO,LUXURY SUV,1300.8
KH64733,NEVADA,F,COLLEGE,588950.91,62007.0,73.0,1/0/00,PERSONAL AUTO,FOUR-DOOR CAR,120.015609
ON59472,ARIZONA,M,HIGH SCHOOL OR BELOW,1577139.34,21921.0,206.0,1/0/00,CORPORATE AUTO,LUXURY SUV,1254.137899
HP94242,ARIZONA,F,BACHELOR,528817.33,42621.0,66.0,1/0/00,PERSONAL AUTO,FOUR-DOOR CAR,316.8
RV15398,OREGON,M,COLLEGE,2758055.4,0.0,87.0,1/1/00,PERSONAL AUTO,FOUR-DOOR CAR,417.6
EA25683,WA,M,HIGH SCHOOL OR BELOW,777853.23,63786.0,196.0,1/0/00,CORPORATE AUTO,LUXURY SUV,798.002689
PW73754,CALI,F,HIGH SCHOOL OR BELOW,734186.13,0.0,104.0,1/3/00,PERSONAL AUTO,SPORTS CAR,82.041684
MC71942,CALI,F,HIGH SCHOOL OR BELOW,791919.7,82877.0,99.0,1/1/00,PERSONAL AUTO,TWO-DOOR CAR,22.819088
OX72195,ARIZONA,M,COLLEGE,216387.02,0.0,63.0,1/0/00,CORPORATE AUTO,TWO-DOOR CAR,302.4
YQ99152,NEVADA,M,HIGH SCHOOL OR BELOW,978780.88,10475.0,88.0,1/1/00,PERSONAL AUTO,TWO-DOOR CAR,422.4
KI19439,OREGON,F,HIGH SCHOOL OR BELOW,520764.08,21952.0,66.0,1/0/00,PERSONAL AUTO,FOUR-DOOR CAR,316.8
PM76175,OREGON,F,BACHELOR,2114727.72,49721.0,132.0,1/0/00,CORPORATE AUTO,SPORTS CAR,639.971388
US45383,CALI,M,COLLEGE,1228076.66,88340.0,102.0,1/0/00,PERSONAL AUTO,TWO-DOOR CAR,489.6
GT38956,CALI,F,COLLEGE,244139.42,0.0,65.0,1/0/00,PERSONAL AUTO,FOUR-DOOR CAR,312.0
SN41301,OREGON,M,BACHELOR,653556.06,0.0,65.0,1/0/00,CORPORATE AUTO,FOUR-DOOR CAR,468.0
BE62503,WA,F,COLLEGE,920659.83,24589.0,82.0,1/0/00,PERSONAL AUTO,TWO-DOOR CAR,511.497882
PA16884,CALI,F,BACHELOR,411858.86,69379.0,103.0,1/0/00,PERSONAL AUTO,TWO-DOOR CAR,494.4
NC58480,NEVADA,F,BACHELOR,483820.9,73769.0,61.0,1/2/00,PERSONAL AUTO,FOUR-DOOR CAR,239.540223
NS39326,CALI,F,COLLEGE,462554.81,66670.0,114.0,1/0/00,PERSONAL AUTO,SUV,518.180364
PN18507,ARIZONA,M,BACHELOR,1404210.3,88854.0,118.0,1/0/00,PERSONAL AUTO,TWO-DOOR CAR,715.252366
EK91340,OREGON,M,BACHELOR,754661.35,31266.0,193.0,1/0/00,CORPORATE AUTO,LUXURY CAR,926.4
JY16280,CALI,F,HIGH SCHOOL OR BELOW,251459.2,43860.0,65.0,1/0/00,PERSONAL AUTO,FOUR-DOOR CAR,156.124914
ZW71731,CALI,M,BACHELOR,517035.84,89284.0,133.0,1/2/00,CORPORATE AUTO,SUV,402.070719
ZC24631,OREGON,M,COLLEGE,1391737.72,67267.0,89.0,1/0/00,CORPORATE AUTO,FOUR-DOOR CAR,94.814032
YR34689,CALI,F,HIGH SCHOOL OR BELOW,1131813.08,79270.0,95.0,1/3/00,PERSONAL AUTO,FOUR-DOOR CAR,456.0
RT65829,OREGON,M,BACHELOR,427636.36,36692.0,109.0,1/1/00,PERSONAL AUTO,FOUR-DOOR CAR,523.2
BZ12077,OREGON,F,HIGH SCHOOL OR BELOW,432224.03,0.0,119.0,1/0/00,PERSONAL AUTO,SUV,571.2
WM65373,CALI,F,COLLEGE,800230.83,0.0,107.0,1/0/00,CORPORATE AUTO,SUV,513.6
NH35059,NEVADA,M,COLLEGE,388545.64,0.0,105.0,1/0/00,CORPORATE AUTO,FOUR-DOOR CAR,504.0
QD38160,OREGON,M,COLLEGE,447177.82,0.0,135.0,1/0/00,PERSONAL AUTO,SUV,972.0
BM15160,CALI,F,HIGH SCHOOL OR BELOW,849635.28,44624.0,71.0,1/1/00,SPECIAL AUTO,FOUR-DOOR CAR,73.883044
VY79030,ARIZONA,F,COLLEGE,2250088.35,0.0,71.0,1/0/00,CORPORATE AUTO,FOUR-DOOR CAR,340.8
EV19512,NEVADA,F,MASTER,1630196.76,19614.0,85.0,1/0/00,PERSONAL AUTO,TWO-DOOR CAR,574.024018
TE13577,OREGON,F,COLLEGE,231973.59,0.0,64.0,1/0/00,PERSONAL AUTO,FOUR-DOOR CAR,632.715382
WY97929,ARIZONA,M,COLLEGE,871704.98,83846.0,74.0,1/3/00,SPECIAL AUTO,FOUR-DOOR CAR,355.2
YG20683,WA,M,COLLEGE,286011.17,51159.0,72.0,1/0/00,PERSONAL AUTO,FOUR-DOOR CAR,4.238626
FK75497,CALI,M,COLLEGE,245340.83,83772.0,62.0,1/0/00,PERSONAL AUTO,TWO-DOOR CAR,42.248087
NE60110,ARIZONA,M,COLLEGE,598977.39,66839.0,154.0,1/0/00,PERSONAL AUTO,SPORTS CAR,739.2
TN36521,ARIZONA,F,COLLEGE,2498022.55,88440.0,70.0,1/0/00,PERSONAL AUTO,TWO-DOOR CAR,27.145151
HG33568,ARIZONA,F,MASTER,748263.95,25666.0,63.0,1/2/00,PERSONAL AUTO,FOUR-DOOR CAR,270.002766
TW17878,OREGON,F,HIGH SCHOOL OR BELOW,245757.6,52926.0,61.0,1/0/00,PERSONAL AUTO,FOUR-DOOR CAR,292.8
ZO83562,NEVADA,F,BACHELOR,237974.12,0.0,67.0,1/0/00,PERSONAL AUTO,FOUR-DOOR CAR,494.946438
CH97539,WA,F,BACHELOR,828696.44,40001.0,70.0,1/0/00,PERSONAL AUTO,FOUR-DOOR CAR,142.567008
CV29889,CALI,M,COLLEGE,239391.54,0.0,70.0,1/0/00,PERSONAL AUTO,FOUR-DOOR CAR,425.266308
MO33320,OREGON,M,COLLEGE,465715.95,18024.0,65.0,1/0/00,PERSONAL AUTO,TWO-DOOR CAR,312.0
QZ81258,OREGON,F,COLLEGE,1319792.89,0.0,68.0,1/3/00,PERSONAL AUTO,FOUR-DOOR CAR,326.4
NY56352,OREGON,F,BACHELOR,280391.67,23220.0,74.0,1/0/00,PERSONAL AUTO,FOUR-DOOR CAR,251.334247
EA27048,CALI,F,HIGH SCHOOL OR BELOW,864650.41,64125.0,108.0,1/0/00,PERSONAL AUTO,SUV,369.818708
UT38865,OREGON,F,COLLEGE,742587.06,58042.0,62.0,1/0/00,CORPORATE AUTO,FOUR-DOOR CAR,161.419528
QC89139,OREGON,F,HIGH SCHOOL OR BELOW,452873.74,90034.0,112.0,1/0/00,CORPORATE AUTO,SUV,537.6
LA14484,NEVADA,M,HIGH SCHOOL OR BELOW,222707.28,27972.0,61.0,1/0/00,SPECIAL AUTO,FOUR-DOOR CAR,292.8
HN57556,CALI,F,HIGH SCHOOL OR BELOW,729294.88,0.0,65.0,1/0/00,PERSONAL AUTO,FOUR-DOOR CAR,312.0
CV31235,ARIZONA,M,BACHELOR,318435.52,50989.0,80.0,1/0/00,CORPORATE AUTO,FOUR-DOOR CAR,255.999709
WR45726,ARIZONA,F,BACHELOR,1131520.37,11885.0,101.0,1/0/00,SPECIAL AUTO,FOUR-DOOR CAR,484.8
LB25094,CALI,F,BACHELOR,253070.51,89451.0,63.0,1/0/00,SPECIAL AUTO,FOUR-DOOR CAR,61.769564
KW56110,OREGON,M,BACHELOR,1836155.53,0.0,182.0,1/0/00,PERSONAL AUTO,LUXURY CAR,1310.4
XO36233,WA,M,BACHELOR,864153.0,78904.0,109.0,1/0/00,PERSONAL AUTO,SUV,250.001424
ZX86243,ARIZONA,M,DOCTOR,327853.19,70247.0,83.0,1/1/00,PERSONAL AUTO,FOUR-DOOR CAR,141.799422
DW29763,ARIZONA,M,HIGH SCHOOL OR BELOW,527198.21,32653.0,67.0,1/0/00,PERSONAL AUTO,TWO-DOOR CAR,321.6
CT83377,WA,M,HIGH SCHOOL OR BELOW,376363.77,93595.0,97.0,1/4/00,SPECIAL AUTO,FOUR-DOOR CAR,49.797016
OQ90898,CALI,M,MASTER,1395556.96,90279.0,115.0,1/0/00,PERSONAL AUTO,SUV,372.175592
GO77248,OREGON,F,COLLEGE,500152.75,0.0,72.0,1/0/00,PERSONAL AUTO,FOUR-DOOR CAR,542.14385
QW33258,CALI,M,BACHELOR,708283.04,53310.0,189.0,1/3/00,PERSONAL AUTO,LUXURY CAR,1360.8
OU79745,CALI,M,COLLEGE,761948.28,0.0,105.0,1/0/00,PERSONAL AUTO,FOUR-DOOR CAR,504.0
VZ79886,OREGON,F,BACHELOR,1255088.2,22234.0,160.0,1/0/00,PERSONAL AUTO,SUV,768.0
FI92440,WA,F,HIGH SCHOOL OR BELOW,3219660.04,91375.0,99.0,1/0/00,PERSONAL AUTO,TWO-DOOR CAR,72.632934
YG85980,NEVADA,F,HIGH SCHOOL OR BELOW,679377.41,22250.0,86.0,1/0/00,PERSONAL AUTO,TWO-DOOR CAR,720.601429
QM74621,OREGON,M,BACHELOR,527231.97,0.0,80.0,1/0/00,PERSONAL AUTO,FOUR-DOOR CAR,576.0
EI71732,OREGON,F,DOCTOR,626534.33,0.0,84.0,1/1/00,PERSONAL AUTO,FOUR-DOOR CAR,481.025786
VN79010,CALI,F,HIGH SCHOOL OR BELOW,854758.61,51179.0,71.0,1/0/00,CORPORATE AUTO,FOUR-DOOR CAR,466.176731
FI61723,CALI,M,BACHELOR,278742.37,38667.0,72.0,1/0/00,PERSONAL AUTO,FOUR-DOOR CAR,159.266473
OH55411,CALI,F,MASTER,462680.11,79487.0,114.0,1/0/00,CORPORATE AUTO,SUV,547.2
TF10720,NEVADA,F,DOCTOR,866336.4,67763.0,107.0,1/2/00,PERSONAL AUTO,FOUR-DOOR CAR,41.283167
NW30838,NEVADA,M,HIGH SCHOOL OR BELOW,387222.22,0.0,62.0,1/2/00,CORPORATE AUTO,FOUR-DOOR CAR,503.808329
CB58476,OREGON,F,COLLEGE,517081.15,0.0,71.0,1/0/00,CORPORATE AUTO,FOUR-DOOR CAR,859.599411
WI69346,CALI,F,MASTER,896028.02,71943.0,112.0,1/0/00,CORPORATE AUTO,SUV,305.653785
FS76657,OREGON,F,COLLEGE,547183.43,53526.0,68.0,1/0/00,PERSONAL AUTO,FOUR-DOOR CAR,278.902846
YX89016,OREGON,M,COLLEGE,3493100.17,35005.0,295.0,1/0/00,PERSONAL AUTO,LUXURY CAR,1416.0
PK28821,CALI,M,COLLEGE,262039.23,24721.0,67.0,1/0/00,PERSONAL AUTO,FOUR-DOOR CAR,139.963594
MB51200,WA,M,COLLEGE,1906949.95,0.0,102.0,1/2/00,PERSONAL AUTO,FOUR-DOOR CAR,734.4
XG44587,ARIZONA,M,MASTER,575744.23,88997.0,72.0,1/0/00,PERSONAL AUTO,FOUR-DOOR CAR,174.041566
FG91922,ARIZONA,M,MASTER,4022401.36,48587.0,111.0,1/0/00,PERSONAL AUTO,SUV,532.8
OM99303,ARIZONA,F,HIGH SCHOOL OR BELOW,270148.83,76310.0,67.0,1/0/00,PERSONAL AUTO,TWO-DOOR CAR,321.6
RV67546,CALI,M,BACHELOR,371243.05,73205.0,92.0,1/0/00,PERSONAL AUTO,FOUR-DOOR CAR,37.299865
UJ79253,OREGON,F,COLLEGE,2185084.0,51056.0,78.0,1/0/00,PERSONAL AUTO,FOUR-DOOR CAR,95.816516
PN98247,CALI,M,COLLEGE,784016.58,58414.0,210.0,1/2/00,PERSONAL AUTO,LUXURY SUV,1008.0
IB67546,CALI,F,BACHELOR,823703.79,23940.0,107.0,1/0/00,PERSONAL AUTO,SUV,513.6
OE19087,CALI,F,HIGH SCHOOL OR BELOW,224347.39,0.0,62.0,1/0/00,PERSONAL AUTO,FOUR-DOOR CAR,446.4
CM95716,CALI,M,BACHELOR,843446.41,44216.0,71.0,1/0/00,PERSONAL AUTO,FOUR-DOOR CAR,72.205362
MW62634,CALI,M,HIGH SCHOOL OR BELOW,222707.28,27972.0,61.0,1/0/00,CORPORATE AUTO,FOUR-DOOR CAR,292.8
QW67581,ARIZONA,F,HIGH SCHOOL OR BELOW,517002.6,0.0,69.0,1/0/00,PERSONAL AUTO,FOUR-DOOR CAR,331.2
SN16059,CALI,F,MASTER,264144.61,29305.0,66.0,1/0/00,PERSONAL AUTO,FOUR-DOOR CAR,475.2
OE51254,CALI,F,COLLEGE,279068.3,53882.0,69.0,1/0/00,PERSONAL AUTO,FOUR-DOOR CAR,331.2
RM42344,OREGON,M,COLLEGE,274512.98,91757.0,69.0,1/1/00,PERSONAL AUTO,FOUR-DOOR CAR,331.2
GB35238,CALI,F,BACHELOR,757953.27,33906.0,64.0,1/0/00,PERSONAL AUTO,TWO-DOOR CAR,401.592109
ML82674,OREGON,M,BACHELOR,1097878.03,68158.0,139.0,1/1/00,PERSONAL AUTO,SUV,253.183568
EI85244,CALI,M,COLLEGE,825506.01,0.0,134.0,1/3/00,PERSONAL AUTO,SUV,643.2
DE28132,OREGON,M,COLLEGE,474773.46,42165.0,123.0,1/0/00,CORPORATE AUTO,SUV,799.673766
TV25678,WA,M,COLLEGE,354090.43,0.0,101.0,1/0/00,PERSONAL AUTO,SUV,727.2
TY26512,CALI,M,DOCTOR,343613.43,30817.0,88.0,1/0/00,PERSONAL AUTO,FOUR-DOOR CAR,91.834668
OB69153,CALI,M,BACHELOR,258218.53,68074.0,65.0,1/0/00,PERSONAL AUTO,FOUR-DOOR CAR,27.987867
QZ77637,WASHINGTON,F,COLLEGE,1166509.78,84978.0,35353.0,1/1/00,CORPORATE AUTO,FOUR-DOOR CAR,166.77296
XN41715,CALI,F,MASTER,739628.37,71135.0,92.0,1/1/00,PERSONAL AUTO,FOUR-DOOR CAR,270.563995
QR15857,CALI,F,COLLEGE,433079.98,0.0,61.0,1/0/00,PERSONAL AUTO,TWO-DOOR CAR,292.8
FL69363,OREGON,M,MASTER,907576.82,37722.0,116.0,1/0/00,PERSONAL AUTO,SPORTS CAR,158.077504
IS30295,ARIZONA,F,BACHELOR,1463545.16,0.0,139.0,1/0/00,PERSONAL AUTO,SUV,667.2
WA25797,WASHINGTON,MALE,HIGH SCHOOL OR BELOW,856476.82,95697.0,107.0,1/0/00,PERSONAL AUTO,SPORTS CAR,178.006524
NL59519,CALI,F,COLLEGE,1156568.75,64642.0,96.0,1/0/00,PERSONAL AUTO,FOUR-DOOR CAR,404.265696
ZU93025,OREGON,F,COLLEGE,277104.5,50071.0,71.0,1/0/00,PERSONAL AUTO,TWO-DOOR CAR,18.918935
DK94262,OREGON,M,HIGH SCHOOL OR BELOW,850712.88,46754.0,106.0,1/1/00,PERSONAL AUTO,SUV,513.818403
UQ30615,CALI,M,COLLEGE,758211.38,64801.0,64.0,1/0/00,CORPORATE AUTO,FOUR-DOOR CAR,268.471802
OR40060,ARIZONA,M,BACHELOR,332309.25,70410.0,83.0,1/0/00,PERSONAL AUTO,FOUR-DOOR CAR,131.828507
DK32872,NEVADA,F,HIGH SCHOOL OR BELOW,523433.17,66957.0,131.0,1/1/00,PERSONAL AUTO,SUV,628.8
FA46418,NEVADA,F,HIGH SCHOOL OR BELOW,2470959.96,24213.0,78.0,1/1/00,PERSONAL AUTO,FOUR-DOOR CAR,374.4
ER19995,WASHINGTON,F,COLLEGE,1778627.78,99790.0,6464.0,1/0/00,PERSONAL AUTO,FOUR-DOOR CAR,178.986788
KI75855,OREGON,M,MASTER,255122.67,79751.0,63.0,1/0/00,PERSONAL AUTO,TWO-DOOR CAR,392.235698
ND41876,ARIZONA,M,HIGH SCHOOL OR BELOW,724771.37,86122.0,182.0,1/1/00,PERSONAL AUTO,LUXURY SUV,873.6
PN21042,ARIZONA,M,BACHELOR,453884.78,82297.0,116.0,1/0/00,PERSONAL AUTO,SPORTS CAR,0.382107
GJ43254,WASHINGTON,M,COLLEGE,3164210.46,89057.0,98.0,1/0/00,CORPORATE AUTO,TWO-DOOR CAR,187.363583
AL46984,CALI,M,HIGH SCHOOL OR BELOW,873042.2,43259.0,73.0,1/0/00,PERSONAL AUTO,FOUR-DOOR CAR,350.4
JP58047,OREGON,M,COLLEGE,833273.06,0.0,79.0,1/0/00,PERSONAL AUTO,FOUR-DOOR CAR,379.2
ZE85014,CALI,M,COLLEGE,235774.7,25064.0,62.0,1/0/00,PERSONAL AUTO,FOUR-DOOR CAR,297.6
KU88219,ARIZONA,M,MASTER,463716.4,25816.0,119.0,1/0/00,PERSONAL AUTO,SPORTS CAR,571.2
UU98729,CALI,M,BACHELOR,535719.27,0.0,73.0,1/0/00,PERSONAL AUTO,FOUR-DOOR CAR,350.853987
WS82822,OREGON,F,COLLEGE,539197.1,41662.0,69.0,1/0/00,CORPORATE AUTO,FOUR-DOOR CAR,217.973168
YB49933,ARIZONA,M,BACHELOR,369414.05,96170.0,92.0,1/0/00,PERSONAL AUTO,FOUR-DOOR CAR,441.6
XC16387,ARIZONA,F,HIGH SCHOOL OR BELOW,504041.24,46072.0,64.0,1/0/00,PERSONAL AUTO,FOUR-DOOR CAR,25.934064
XJ96748,ARIZONA,F,HIGH SCHOOL OR BELOW,2749542.19,37931.0,99.0,1/0/00,PERSONAL AUTO,FOUR-DOOR CAR,475.2
TM98684,OREGON,M,HIGH SCHOOL OR BELOW,484228.5,35127.0,62.0,1/0/00,PERSONAL AUTO,FOUR-DOOR CAR,297.6
AY18433,WASHINGTON,F,HIGH SCHOOL OR BELOW,2738281.89,45473.0,76.0,1/0/00,SPECIAL AUTO,TWO-DOOR CAR,188.938397
DM74502,NEVADA,F,COLLEGE,522710.19,93087.0,131.0,1/3/00,CORPORATE AUTO,SPORTS CAR,628.8
FT56968,ARIZONA,M,HIGH SCHOOL OR BELOW,259009.6,22398.0,67.0,1/2/00,PERSONAL AUTO,FOUR-DOOR CAR,321.6
OX36896,CALI,M,HIGH SCHOOL OR BELOW,1053607.8,92983.0,87.0,1/1/00,CORPORATE AUTO,FOUR-DOOR CAR,153.205591
BZ65376,ARIZONA,M,BACHELOR,858127.87,27689.0,239.0,1/2/00,PERSONAL AUTO,LUXURY SUV,2893.239678
LN34660,CALI,F,COLLEGE,946311.33,69654.0,118.0,1/0/00,CORPORATE AUTO,SUV,629.532731
JC29295,CALI,F,BACHELOR,1344100.64,80744.0,111.0,1/0/00,PERSONAL AUTO,SUV,361.284757
KJ87930,CALI,F,BACHELOR,388650.48,0.0,112.0,1/0/00,CORPORATE AUTO,SUV,1185.988301
XT36360,ARIZONA,F,HIGH SCHOOL OR BELOW,678489.37,0.0,64.0,1/1/00,PERSONAL AUTO,FOUR-DOOR CAR,460.8
IX35050,ARIZONA,M,BACHELOR,2359468.02,76358.0,66.0,1/0/00,SPECIAL AUTO,FOUR-DOOR CAR,86.461582
UN97379,OREGON,M,BACHELOR,253862.63,18608.0,71.0,1/0/00,CORPORATE AUTO,FOUR-DOOR CAR,340.8
MR57294,CALI,M,HIGH SCHOOL OR BELOW,563994.2,73168.0,70.0,1/0/00,PERSONAL AUTO,FOUR-DOOR CAR,425.800112
UG79499,WASHINGTON,M,BACHELOR,1168137.43,70930.0,99.0,1/0/00,PERSONAL AUTO,FOUR-DOOR CAR,190.43446
UA50747,WASHINGTON,F,HIGH SCHOOL OR BELOW,2599775.0,62262.0,72.0,1/0/00,CORPORATE AUTO,FOUR-DOOR CAR,193.505325
GL20444,NEVADA,F,MASTER,1377836.93,91474.0,113.0,1/0/00,CORPORATE AUTO,TWO-DOOR CAR,24.087774
SP58110,CALI,F,BACHELOR,492318.17,61469.0,63.0,1/5/00,PERSONAL AUTO,FOUR-DOOR CAR,302.4
XM91635,ARIZONA,F,HIGH SCHOOL OR BELOW,227233.54,16618.0,62.0,1/0/00,SPECIAL AUTO,FOUR-DOOR CAR,219.288706
TV82603,CALI,F,BACHELOR,1489539.8,48081.0,188.0,1/0/00,PERSONAL AUTO,LUXURY SUV,881.360959
BB82067,OREGON,M,DOCTOR,975604.5,67632.0,121.0,1/0/00,PERSONAL AUTO,SPORTS CAR,26.951627
JP94676,OREGON,F,BACHELOR,942297.41,34115.0,119.0,1/0/00,PERSONAL AUTO,SUV,466.122541
VU53417,ARIZONA,M,HIGH SCHOOL OR BELOW,383735.76,23051.0,99.0,1/0/00,PERSONAL AUTO,TWO-DOOR CAR,475.2
IW54795,CALI,M,COLLEGE,1095213.19,23748.0,99.0,1/0/00,PERSONAL AUTO,FOUR-DOOR CAR,607.095655
RN78170,ARIZONA,F,COLLEGE,815913.66,40589.0,69.0,1/0/00,CORPORATE AUTO,FOUR-DOOR CAR,331.2
IX55883,CALI,F,COLLEGE,1948049.98,50809.0,83.0,1/0/00,PERSONAL AUTO,FOUR-DOOR CAR,290.381707
XM72420,ARIZONA,F,HIGH SCHOOL OR BELOW,391936.67,66676.0,97.0,1/0/00,PERSONAL AUTO,FOUR-DOOR CAR,558.099357
GC15104,NEVADA,F,BACHELOR,798514.21,52339.0,70.0,1/3/00,CORPORATE AUTO,FOUR-DOOR CAR,336.0
RX13282,OREGON,M,BACHELOR,1216874.49,14973.0,115.0,1/0/00,PERSONAL AUTO,SUV,828.0
QA85890,ARIZONA,F,HIGH SCHOOL OR BELOW,584932.15,0.0,83.0,1/0/00,CORPORATE AUTO,FOUR-DOOR CAR,540.514115
IR62668,ARIZONA,F,BACHELOR,508583.66,31546.0,65.0,1/0/00,PERSONAL AUTO,FOUR-DOOR CAR,100.049832
AL96740,CALI,F,COLLEGE,290393.98,67763.0,73.0,1/1/00,PERSONAL AUTO,FOUR-DOOR CAR,59.861963
SS48498,WASHINGTON,F,COLLEGE,627317.34,20836.0,79.0,1/0/00,CORPORATE AUTO,FOUR-DOOR CAR,193.57032
PE39479,WASHINGTON,M,COLLEGE,1832141.9,88592.0,76.0,1/0/00,CORPORATE AUTO,FOUR-DOOR CAR,199.79727
JH62891,OREGON,F,COLLEGE,517870.42,66943.0,65.0,1/1/00,SPECIAL AUTO,FOUR-DOOR CAR,53.084753
FI20423,ARIZONA,F,HIGH SCHOOL OR BELOW,1402435.84,81872.0,115.0,1/0/00,SPECIAL AUTO,FOUR-DOOR CAR,256.43803
PM13394,WASHINGTON,F,COLLEGE,530943.59,22404.0,70.0,1/1/00,PERSONAL AUTO,FOUR-DOOR CAR,211.136067
YV67971,CALI,F,HIGH SCHOOL OR BELOW,494980.38,21342.0,62.0,1/0/00,PERSONAL AUTO,FOUR-DOOR CAR,74.350893
QD31377,CALI,M,BACHELOR,859566.53,34621.0,108.0,1/1/00,CORPORATE AUTO,SUV,621.464468
YG10247,OREGON,M,COLLEGE,2295189.2,62396.0,64.0,1/0/00,PERSONAL AUTO,FOUR-DOOR CAR,307.2
FE73696,OREGON,M,HIGH SCHOOL OR BELOW,379213.03,97212.0,93.0,1/0/00,PERSONAL AUTO,TWO-DOOR CAR,360.05589
SW19699,ARIZONA,F,BACHELOR,275574.8,49648.0,70.0,1/0/00,PERSONAL AUTO,FOUR-DOOR CAR,65.954813
QJ40732,ARIZONA,M,COLLEGE,488033.96,97984.0,61.0,1/1/00,PERSONAL AUTO,FOUR-DOOR CAR,407.450118
HM76207,CALI,F,COLLEGE,905190.53,26308.0,114.0,1/0/00,CORPORATE AUTO,SUV,547.2
NT59303,OREGON,F,COLLEGE,1011544.62,63528.0,256.0,1/0/00,PERSONAL AUTO,LUXURY CAR,1228.8
PU41393,NEVADA,M,COLLEGE,826907.54,20225.0,114.0,1/1/00,SPECIAL AUTO,SUV,547.2
QO86948,NEVADA,M,HIGH SCHOOL OR BELOW,807165.3,0.0,112.0,1/0/00,PERSONAL AUTO,SUV,806.4
QN10888,OREGON,F,HIGH SCHOOL OR BELOW,772699.36,87620.0,64.0,1/0/00,PERSONAL AUTO,FOUR-DOOR CAR,24.063693
VY19543,CALI,F,BACHELOR,831113.59,0.0,72.0,1/0/00,CORPORATE AUTO,FOUR-DOOR CAR,311.329282
XC15133,NEVADA,F,MASTER,257402.04,34990.0,65.0,1/0/00,PERSONAL AUTO,FOUR-DOOR CAR,42.689135
ST43550,OREGON,M,BACHELOR,572732.71,99934.0,71.0,1/0/00,SPECIAL AUTO,FOUR-DOOR CAR,460.323855
FX36546,WASHINGTON,M,MASTER,367914.21,60804.0,92.0,1/0/00,PERSONAL AUTO,FOUR-DOOR CAR,213.225001
JX68983,OREGON,M,BACHELOR,274451.96,94648.0,69.0,1/0/00,PERSONAL AUTO,FOUR-DOOR CAR,331.2
HX78576,CALI,F,HIGH SCHOOL OR BELOW,563674.03,24516.0,71.0,1/0/00,PERSONAL AUTO,FOUR-DOOR CAR,300.607591
ZQ11381,ARIZONA,M,BACHELOR,1687038.82,61063.0,85.0,1/0/00,PERSONAL AUTO,FOUR-DOOR CAR,262.504882
ON39271,CALI,M,MASTER,273800.2,0.0,74.0,1/0/00,PERSONAL AUTO,TWO-DOOR CAR,263.365432
SB18278,OREGON,M,BACHELOR,464470.05,0.0,64.0,1/0/00,CORPORATE AUTO,FOUR-DOOR CAR,307.2
ZT30559,CALI,F,HIGH SCHOOL OR BELOW,474668.65,15169.0,63.0,1/0/00,PERSONAL AUTO,FOUR-DOOR CAR,302.4
XI41106,ARIZONA,M,COLLEGE,1687432.82,55390.0,71.0,1/0/00,CORPORATE AUTO,TWO-DOOR CAR,256.268091
ZS88847,OREGON,F,BACHELOR,238760.61,27592.0,62.0,1/0/00,PERSONAL AUTO,FOUR-DOOR CAR,297.6
RU49126,WASHINGTON,F,COLLEGE,446533.57,61846.0,112.0,1/0/00,PERSONAL AUTO,SUV,215.8182
KR62797,ARIZONA,F,HIGH SCHOOL OR BELOW,459162.59,83297.0,113.0,1/0/00,PERSONAL AUTO,SUV,542.4
ZJ73220,ARIZONA,F,COLLEGE,1309258.58,0.0,188.0,1/0/00,SPECIAL AUTO,LUXURY CAR,1353.6
FY62633,OREGON,M,BACHELOR,911226.66,0.0,90.0,1/0/00,PERSONAL AUTO,FOUR-DOOR CAR,432.0
CU36986,CALI,F,HIGH SCHOOL OR BELOW,416516.66,55897.0,104.0,1/0/00,PERSONAL AUTO,FOUR-DOOR CAR,499.2
WZ53904,ARIZONA,M,BACHELOR,265998.06,21297.0,71.0,1/0/00,PERSONAL AUTO,FOUR-DOOR CAR,45.507952
AA71604,ARIZONA,F,MASTER,1198659.21,87560.0,98.0,1/1/00,PERSONAL AUTO,TWO-DOOR CAR,470.4
TD10493,OREGON,F,HIGH SCHOOL OR BELOW,289873.27,0.0,96.0,1/4/00,PERSONAL AUTO,FOUR-DOOR CAR,691.2
LY97989,OREGON,F,BACHELOR,289424.39,0.0,85.0,1/0/00,PERSONAL AUTO,FOUR-DOOR CAR,408.0
VX39856,ARIZONA,F,DOCTOR,350045.44,89398.0,86.0,1/0/00,PERSONAL AUTO,FOUR-DOOR CAR,82.409922
TP51897,CALI,F,COLLEGE,262180.86,36843.0,68.0,1/3/00,CORPORATE AUTO,FOUR-DOOR CAR,357.642982
QQ89253,OREGON,F,COLLEGE,1022180.5,0.0,134.0,1/0/00,PERSONAL AUTO,SUV,643.2
EI91403,CALI,M,HIGH SCHOOL OR BELOW,257827.1,34946.0,65.0,1/0/00,PERSONAL AUTO,TWO-DOOR CAR,420.35698
QG15435,ARIZONA,F,COLLEGE,624259.57,75680.0,78.0,1/0/00,PERSONAL AUTO,FOUR-DOOR CAR,136.787725
FZ55002,NEVADA,F,DOCTOR,522028.1,0.0,69.0,1/0/00,PERSONAL AUTO,FOUR-DOOR CAR,331.2
HX77930,WASHINGTON,F,COLLEGE,313643.21,49532.0,79.0,1/1/00,PERSONAL AUTO,FOUR-DOOR CAR,220.186677
UN37063,ARIZONA,M,BACHELOR,452536.58,10269.0,65.0,1/0/00,PERSONAL AUTO,TWO-DOOR CAR,170.798204
VB87946,CALI,M,COLLEGE,497035.73,49714.0,63.0,1/3/00,PERSONAL AUTO,FOUR-DOOR CAR,266.165535
AB60627,CALI,M,HIGH SCHOOL OR BELOW,1546778.9,77517.0,129.0,1/0/00,CORPORATE AUTO,SUV,98.921782
TA34903,OREGON,M,HIGH SCHOOL OR BELOW,583889.92,81082.0,73.0,1/0/00,PERSONAL AUTO,FOUR-DOOR CAR,281.295903
AQ51368,OREGON,F,BACHELOR,1065688.2,72540.0,88.0,1/0/00,CORPORATE AUTO,TWO-DOOR CAR,631.743039
NZ26102,OREGON,F,HIGH SCHOOL OR BELOW,228961.87,0.0,65.0,1/0/00,PERSONAL AUTO,FOUR-DOOR CAR,468.0
GB45753,CALI,M,HIGH SCHOOL OR BELOW,543980.42,61546.0,68.0,1/0/00,CORPORATE AUTO,TWO-DOOR CAR,29.209521
BV79904,CALI,F,MASTER,795615.01,44818.0,67.0,1/1/00,PERSONAL AUTO,TWO-DOOR CAR,136.883999
OB49075,ARIZONA,M,BACHELOR,445811.34,17622.0,65.0,1/1/00,PERSONAL AUTO,FOUR-DOOR CAR,312.0
DS97676,OREGON,F,COLLEGE,255505.15,0.0,72.0,1/0/00,PERSONAL AUTO,FOUR-DOOR CAR,518.4
JO63462,CALI,M,BACHELOR,330799.9,79797.0,84.0,1/0/00,CORPORATE AUTO,TWO-DOOR CAR,31.755601
NJ10602,WASHINGTON,F,COLLEGE,845905.32,92717.0,70.0,1/0/00,PERSONAL AUTO,TWO-DOOR CAR,224.27582
RS24501,OREGON,F,COLLEGE,1335012.09,28919.0,173.0,1/0/00,PERSONAL AUTO,SUV,830.4
VT78274,ARIZONA,M,COLLEGE,493122.13,0.0,68.0,1/0/00,PERSONAL AUTO,FOUR-DOOR CAR,480.159011
SU56153,NEVADA,M,BACHELOR,777683.52,63568.0,65.0,1/0/00,CORPORATE AUTO,TWO-DOOR CAR,390.792553
MN20737,NEVADA,F,COLLEGE,255367.22,73935.0,64.0,1/1/00,CORPORATE AUTO,FOUR-DOOR CAR,72.071195
KL43114,ARIZONA,F,HIGH SCHOOL OR BELOW,487646.97,0.0,66.0,1/0/00,CORPORATE AUTO,TWO-DOOR CAR,316.8
YQ15567,OREGON,F,BACHELOR,903430.58,18846.0,115.0,1/0/00,PERSONAL AUTO,SUV,552.0
TR88637,ARIZONA,F,HIGH SCHOOL OR BELOW,810591.08,38893.0,103.0,1/0/00,PERSONAL AUTO,SUV,41.965252
TC88986,OREGON,M,HIGH SCHOOL OR BELOW,561968.91,0.0,153.0,1/0/00,SPECIAL AUTO,SUV,1027.000029
XX88577,CALI,M,BACHELOR,1572713.06,84824.0,196.0,1/0/00,CORPORATE AUTO,SUV,319.820747
NE49052,CALI,F,HIGH SCHOOL OR BELOW,661801.64,20068.0,86.0,1/0/00,CORPORATE AUTO,FOUR-DOOR CAR,411.011162
KX17826,OREGON,M,DOCTOR,467004.8,0.0,125.0,1/0/00,CORPORATE AUTO,SUV,600.0
CC91503,ARIZONA,F,HIGH SCHOOL OR BELOW,1016936.98,0.0,135.0,1/0/00,PERSONAL AUTO,SPORTS CAR,648.0
WH32183,CALI,M,BACHELOR,832307.4,97245.0,70.0,1/0/00,PERSONAL AUTO,FOUR-DOOR CAR,4.110585
ES90681,CALI,F,COLLEGE,241776.0,51808.0,61.0,1/1/00,PERSONAL AUTO,FOUR-DOOR CAR,351.149904
DW96592,CALI,M,BACHELOR,804487.24,71391.0,67.0,1/0/00,PERSONAL AUTO,FOUR-DOOR CAR,284.000172
MT23134,OREGON,M,HIGH SCHOOL OR BELOW,532572.45,0.0,73.0,1/0/00,PERSONAL AUTO,TWO-DOOR CAR,496.474767
BM69081,ARIZONA,M,BACHELOR,694752.4,0.0,100.0,1/0/00,PERSONAL AUTO,SUV,925.137143
MB90871,OREGON,F,COLLEGE,584741.52,23496.0,77.0,1/0/00,SPECIAL AUTO,FOUR-DOOR CAR,13.164097
QL77686,NEVADA,F,COLLEGE,472478.61,23986.0,119.0,1/0/00,CORPORATE AUTO,SUV,463.335061
ON77827,ARIZONA,F,MASTER,279022.8,22974.0,71.0,1/0/00,PERSONAL AUTO,FOUR-DOOR CAR,180.667969
KP18988,OREGON,F,HIGH SCHOOL OR BELOW,2153133.28,0.0,101.0,1/0/00,PERSONAL AUTO,FOUR-DOOR CAR,484.8
TI92884,ARIZONA,M,BACHELOR,1262283.27,61844.0,106.0,1/0/00,PERSONAL AUTO,SPORTS CAR,508.8
JH73503,ARIZONA,M,DOCTOR,2017196.15,24804.0,73.0,1/0/00,PERSONAL AUTO,TWO-DOOR CAR,350.4
YE97964,CALI,F,BACHELOR,1646436.59,27760.0,104.0,1/0/00,PERSONAL AUTO,SUV,302.764283
VA30351,OREGON,F,HIGH SCHOOL OR BELOW,559538.99,74454.0,71.0,1/0/00,PERSONAL AUTO,FOUR-DOOR CAR,340.8
PV55726,OREGON,F,MASTER,417068.73,29462.0,107.0,1/1/00,PERSONAL AUTO,SUV,513.6
UC88305,ARIZONA,F,COLLEGE,266544.71,52266.0,68.0,1/0/00,CORPORATE AUTO,TWO-DOOR CAR,141.922839
TS53809,OREGON,M,BACHELOR,709891.41,0.0,70.0,1/0/00,PERSONAL AUTO,TWO-DOOR CAR,349.783046
ZV32120,CALI,M,DOCTOR,397134.51,23599.0,103.0,1/0/00,CORPORATE AUTO,SUV,494.4
FB80807,OREGON,M,BACHELOR,552821.28,36088.0,72.0,1/0/00,PERSONAL AUTO,FOUR-DOOR CAR,345.6
AS55677,CALI,F,HIGH SCHOOL OR BELOW,833899.58,70534.0,104.0,1/0/00,PERSONAL AUTO,FOUR-DOOR CAR,54.065538
WA15684,OREGON,M,COLLEGE,3844585.59,27398.0,125.0,1/1/00,PERSONAL AUTO,SUV,600.0
SA50567,NEVADA,M,BACHELOR,544855.52,85296.0,68.0,1/0/00,PERSONAL AUTO,FOUR-DOOR CAR,342.515136
KJ31611,ARIZONA,M,HIGH SCHOOL OR BELOW,1080806.6,31063.0,92.0,1/0/00,PERSONAL AUTO,FOUR-DOOR CAR,441.6
VL37375,CALI,M,BACHELOR,618509.65,0.0,92.0,1/0/00,PERSONAL AUTO,TWO-DOOR CAR,1027.177255
KN21017,NEVADA,M,HIGH SCHOOL OR BELOW,320822.59,52367.0,81.0,1/0/00,PERSONAL AUTO,FOUR-DOOR CAR,275.989978
PX44289,ARIZONA,M,COLLEGE,548010.41,58651.0,71.0,1/0/00,PERSONAL AUTO,FOUR-DOOR CAR,472.599683
AM97901,NEVADA,F,COLLEGE,2298615.39,84831.0,192.0,1/0/00,SPECIAL AUTO,SPORTS CAR,1336.931716
RE42925,OREGON,M,BACHELOR,1310792.59,49088.0,114.0,1/1/00,CORPORATE AUTO,SUV,547.2
TR81766,CALI,F,COLLEGE,746292.63,70263.0,93.0,1/0/00,CORPORATE AUTO,TWO-DOOR CAR,7.345946
CH85057,OREGON,F,DOCTOR,1146399.1,45354.0,285.0,1/0/00,PERSONAL AUTO,LUXURY SUV,540.141566
UP71482,ARIZONA,M,HIGH SCHOOL OR BELOW,723613.25,0.0,63.0,1/0/00,PERSONAL AUTO,FOUR-DOOR CAR,383.363758
EG40670,CALI,F,BACHELOR,623268.79,28334.0,83.0,1/0/00,SPECIAL AUTO,FOUR-DOOR CAR,537.765151
HV83672,OREGON,F,BACHELOR,2839332.99,38772.0,90.0,1/0/00,PERSONAL AUTO,FOUR-DOOR CAR,321.873474
MG10140,OREGON,F,COLLEGE,374675.16,41479.0,94.0,1/1/00,PERSONAL AUTO,TWO-DOOR CAR,19.575683
TC44716,CALI,M,BACHELOR,2156933.73,23909.0,119.0,1/0/00,PERSONAL AUTO,SUV,571.2
QO65264,CALI,M,COLLEGE,501208.37,48328.0,63.0,1/0/00,PERSONAL AUTO,TWO-DOOR CAR,108.138715
EB66698,CALI,M,HIGH SCHOOL OR BELOW,337185.84,86689.0,85.0,1/0/00,CORPORATE AUTO,TWO-DOOR CAR,408.0
OT52034,CALI,M,BACHELOR,386477.68,24204.0,99.0,1/1/00,PERSONAL AUTO,FOUR-DOOR CAR,707.303416
CH85444,OREGON,M,COLLEGE,414571.19,25943.0,110.0,1/0/00,CORPORATE AUTO,TWO-DOOR CAR,1067.333126
PU85769,CALI,M,HIGH SCHOOL OR BELOW,515607.27,0.0,73.0,1/0/00,PERSONAL AUTO,FOUR-DOOR CAR,807.947292
UI73201,CALI,M,COLLEGE,366737.5,62375.0,92.0,1/0/00,PERSONAL AUTO,TWO-DOOR CAR,618.630955
SL50592,CALI,F,HIGH SCHOOL OR BELOW,783568.35,0.0,71.0,1/0/00,CORPORATE AUTO,FOUR-DOOR CAR,404.272806
XP11075,ARIZONA,M,BACHELOR,1456726.84,0.0,148.0,1/0/00,PERSONAL AUTO,SUV,710.4
SI31236,OREGON,M,BACHELOR,1017133.9,70200.0,65.0,1/0/00,CORPORATE AUTO,FOUR-DOOR CAR,312.0
JN26745,NEVADA,F,BACHELOR,413577.52,0.0,112.0,1/0/00,SPECIAL AUTO,FOUR-DOOR CAR,707.977614
VK48036,OREGON,F,COLLEGE,551149.11,79027.0,70.0,1/0/00,CORPORATE AUTO,FOUR-DOOR CAR,336.0
JX76668,WASHINGTON,F,HIGH SCHOOL OR BELOW,1131424.39,62935.0,141.0,1/0/00,PERSONAL AUTO,SPORTS CAR,232.242326
DS45802,CALI,F,HIGH SCHOOL OR BELOW,541461.73,26893.0,68.0,1/0/00,PERSONAL AUTO,FOUR-DOOR CAR,68.226001
OA96690,OREGON,F,HIGH SCHOOL OR BELOW,742159.35,47406.0,94.0,1/1/00,PERSONAL AUTO,FOUR-DOOR CAR,287.149807
EM27919,CALI,M,BACHELOR,445811.34,17622.0,65.0,1/1/00,PERSONAL AUTO,FOUR-DOOR CAR,312.0
QO41043,OREGON,F,COLLEGE,1447612.49,27572.0,124.0,1/0/00,CORPORATE AUTO,SUV,595.2
OV50124,OREGON,F,COLLEGE,493688.84,0.0,72.0,1/2/00,PERSONAL AUTO,TWO-DOOR CAR,391.636628
PR31642,OREGON,F,BACHELOR,452527.65,32802.0,114.0,1/0/00,PERSONAL AUTO,SUV,547.2
BU41599,WASHINGTON,F,MASTER,558176.13,62739.0,70.0,1/0/00,PERSONAL AUTO,TWO-DOOR CAR,239.328571
TK30357,CALI,F,BACHELOR,1413434.74,90844.0,118.0,1/0/00,PERSONAL AUTO,SUV,232.674417
NF31087,NEVADA,F,HIGH SCHOOL OR BELOW,2472318.31,44685.0,69.0,1/0/00,PERSONAL AUTO,FOUR-DOOR CAR,331.2
NH16984,CALI,F,BACHELOR,283806.78,0.0,80.0,1/0/00,PERSONAL AUTO,FOUR-DOOR CAR,336.50961
OS75493,CALI,F,HIGH SCHOOL OR BELOW,384848.36,42589.0,98.0,1/0/00,CORPORATE AUTO,FOUR-DOOR CAR,470.4
VT63298,OREGON,M,BACHELOR,1950447.39,0.0,72.0,1/0/00,PERSONAL AUTO,FOUR-DOOR CAR,345.6
QS75550,WASHINGTON,F,BACHELORS,248004.59,93383.0,62.0,1/0/00,CORPORATE AUTO,TWO-DOOR CAR,244.212286
SZ16483,ARIZONA,F,HIGH SCHOOL OR BELOW,436137.29,79583.0,109.0,1/2/00,PERSONAL AUTO,FOUR-DOOR CAR,523.2
VM92311,ARIZONA,F,HIGH SCHOOL OR BELOW,252907.75,89129.0,64.0,1/0/00,PERSONAL AUTO,FOUR-DOOR CAR,328.870868
NJ46849,ARIZONA,M,COLLEGE,250444.48,0.0,69.0,1/0/00,PERSONAL AUTO,FOUR-DOOR CAR,496.8
WZ31900,OREGON,F,BACHELOR,864970.06,94389.0,107.0,1/0/00,CORPORATE AUTO,SUV,85.063708
RG30482,OREGON,F,COLLEGE,1366835.53,0.0,197.0,1/0/00,PERSONAL AUTO,SUV,1418.4
ZM86949,OREGON,F,HIGH SCHOOL OR BELOW,2063508.46,84106.0,64.0,1/0/00,PERSONAL AUTO,TWO-DOOR CAR,334.408717
QQ39596,ARIZONA,F,COLLEGE,251753.36,0.0,69.0,1/0/00,PERSONAL AUTO,FOUR-DOOR CAR,42.096415
FH51383,CALI,F,HIGH SCHOOL OR BELOW,532667.77,76717.0,66.0,1/0/00,PERSONAL AUTO,TWO-DOOR CAR,300.528579
BJ53923,ARIZONA,M,HIGH SCHOOL OR BELOW,260027.21,51978.0,66.0,1/0/00,CORPORATE AUTO,FOUR-DOOR CAR,144.782152
CZ96653,OREGON,F,BACHELOR,853479.28,47325.0,107.0,1/0/00,PERSONAL AUTO,SUV,64.598216
FB23788,OREGON,M,HIGH SCHOOL OR BELOW,882883.5,86721.0,111.0,1/0/00,CORPORATE AUTO,SUV,532.8
NT43594,NEVADA,F,BACHELOR,224844.96,24910.0,63.0,1/1/00,PERSONAL AUTO,FOUR-DOOR CAR,347.857619
RJ85627,WASHINGTON,F,BACHELOR,1230276.24,43817.0,62.0,1/1/00,PERSONAL AUTO,FOUR-DOOR CAR,245.447622
KJ86296,OREGON,M,HIGH SCHOOL OR BELOW,455659.3,0.0,73.0,1/2/00,PERSONAL AUTO,FOUR-DOOR CAR,525.6
PI47776,OREGON,F,BACHELOR,253070.51,89451.0,63.0,1/0/00,CORPORATE AUTO,FOUR-DOOR CAR,61.769564
MD73554,CALI,M,COLLEGE,525198.4,59537.0,66.0,1/0/00,PERSONAL AUTO,TWO-DOOR CAR,316.8
UX92071,OREGON,M,HIGH SCHOOL OR BELOW,674311.93,0.0,199.0,1/0/00,PERSONAL AUTO,LUXURY SUV,955.2
YG44474,OREGON,M,COLLEGE,1401472.13,54193.0,117.0,1/0/00,CORPORATE AUTO,SUV,720.752945
UH45301,OREGON,M,COLLEGE,943891.56,86946.0,118.0,1/0/00,PERSONAL AUTO,FOUR-DOOR CAR,340.656963
RY92647,CALI,F,BACHELOR,1050677.17,0.0,92.0,1/0/00,PERSONAL AUTO,FOUR-DOOR CAR,546.524896
IK12620,ARIZONA,F,HIGH SCHOOL OR BELOW,421391.86,12160.0,109.0,1/0/00,PERSONAL AUTO,FOUR-DOOR CAR,489.411833
GQ66762,CALI,M,COLLEGE,477368.64,33701.0,63.0,1/0/00,PERSONAL AUTO,FOUR-DOOR CAR,171.325856
YT69858,WASHINGTON,F,BACHELOR,544142.01,85702.0,67.0,1/0/00,PERSONAL AUTO,TWO-DOOR CAR,249.085887
XD85577,CALI,M,BACHELOR,284226.69,69417.0,73.0,1/1/00,PERSONAL AUTO,FOUR-DOOR CAR,30.874869
TM65736,OREGON,M,MASTER,305955.03,38644.0,78.0,1/1/00,PERSONAL AUTO,FOUR-DOOR CAR,361.455219
VJ51327,CALI,F,HIGH SCHOOL OR BELOW,2031499.76,63209.0,102.0,1/2/00,PERSONAL AUTO,SUV,207.320041
GS98873,ARIZONA,F,BACHELOR,323912.47,16061.0,88.0,1/0/00,PERSONAL AUTO,FOUR-DOOR CAR,633.6
CW49887,CALIFORNIA,F,MASTER,462680.11,79487.0,114.0,1/0/00,SPECIAL AUTO,SUV,547.2
MY31220,CALIFORNIA,F,COLLEGE,899704.02,54230.0,112.0,1/0/00,PERSONAL AUTO,TWO-DOOR CAR,537.6
